#time,trackpoint_type,latitude,longitude,altitude,accuracy_horizontal,accuracy_vertical,speed,altitude_gain,altitude_loss,sensor_distance,heartrate,cadence,power
"2023-10-21T15:02:57.398-04:00","SEGMENT_START_MANUAL",,,,,,,,,,,,
"2023-10-21T15:02:59.862-04:00","TRACKPOINT",40.73922,-74.28621,43.159729,16,,1.44,,,,,,
"2023-10-21T15:03:00.847-04:00","TRACKPOINT",40.739042,-74.286164,115.152588,11,,2.12,,,,,,
"2023-10-21T15:03:10.161-04:00","TRACKPOINT",40.739037,-74.286247,119.450256,5,,3.17,,,,,,
"2023-10-21T15:03:10.856-04:00","IDLE",,,,,,,,,,,,
"2023-10-21T15:03:30.156-04:00","TRACKPOINT",40.739011,-74.286362,122.62262,8,,4.18,,,,,,
"2023-10-21T15:03:37.158-04:00","TRACKPOINT",40.738997,-74.286489,118.408997,7,,3.6,,,,,,
"2023-10-21T15:03:46.161-04:00","TRACKPOINT",40.738996,-74.286616,118.304932,6,,4.28,,,,,,
"2023-10-21T15:03:55.161-04:00","TRACKPOINT",40.739044,-74.286723,121.916931,6,,3.92,,,,,,
"2023-10-21T15:04:05.162-04:00","TRACKPOINT",40.739098,-74.286817,124.956787,5,,2.74,,,,,,
"2023-10-21T15:04:05.186-04:00","IDLE",,,,,,,,,,,,
"2023-10-21T15:04:22.16-04:00","TRACKPOINT",40.739155,-74.286927,126.671082,11,,3.24,,,,,,
"2023-10-21T15:04:32.157-04:00","TRACKPOINT",40.739197,-74.28705,125.719543,10,,3.24,,,,,,
"2023-10-21T15:04:39.158-04:00","TRACKPOINT",40.739251,-74.287151,126.356628,10,,4.14,,,,,,
"2023-10-21T15:04:45.16-04:00","TRACKPOINT",40.739298,-74.287271,126.451538,11,,4.21,,,,,,
"2023-10-21T15:04:53.16-04:00","TRACKPOINT",40.739338,-74.287392,126.905029,11,,4.36,,,,,,
"2023-10-21T15:05:00.16-04:00","TRACKPOINT",40.739334,-74.287519,129.828491,10,,4.82,,,,,,
"2023-10-21T15:05:10.166-04:00","TRACKPOINT",40.739313,-74.28765,133.039795,10,,3.78,,,,,,
"2023-10-21T15:05:17.156-04:00","TRACKPOINT",40.739333,-74.287778,132.435547,10,,4.79,,,,,,
"2023-10-21T15:05:23.161-04:00","TRACKPOINT",40.739395,-74.287865,131.568176,10,,3.1,,,,,,
"2023-10-21T15:05:33.16-04:00","TRACKPOINT",40.73938,-74.287995,129.605591,10,,5.22,,,,,,
"2023-10-21T15:05:40.161-04:00","TRACKPOINT",40.739369,-74.288115,132.157715,10,,5.72,,,,,,
"2023-10-21T15:05:46.169-04:00","TRACKPOINT",40.739297,-74.288211,137.813965,10,,6.88,,,,,,
"2023-10-21T15:05:56.172-04:00","TRACKPOINT",40.739226,-74.288234,132.424072,10,,0,,,,,,
"2023-10-21T15:05:56.185-04:00","IDLE",,,,,,,,,,,,
"2023-10-21T15:06:04.164-04:00","TRACKPOINT",40.739162,-74.28834,130.907104,10,,5.83,,,,,,
"2023-10-21T15:06:10.159-04:00","TRACKPOINT",40.739063,-74.288348,135.305603,10,,5,,,,,,
"2023-10-21T15:06:18.162-04:00","TRACKPOINT",40.738964,-74.288357,135.847473,10,,5.04,,,,,,
"2023-10-21T15:06:24.161-04:00","TRACKPOINT",40.738877,-74.288397,138.999084,10,,4.57,,,,,,
"2023-10-21T15:06:31.157-04:00","TRACKPOINT",40.738781,-74.28842,141.679321,10,,5.36,,,,,,
"2023-10-21T15:06:39.159-04:00","TRACKPOINT",40.738687,-74.288457,142.277344,10,,5.29,,,,,,
"2023-10-21T15:06:49.165-04:00","TRACKPOINT",40.73859,-74.288459,145.54071,10,,4.28,,,,,,
"2023-10-21T15:06:57.16-04:00","TRACKPOINT",40.738497,-74.288494,143.35498,11,,4.18,,,,,,
"2023-10-21T15:07:04.16-04:00","TRACKPOINT",40.738404,-74.288488,144.606689,10,,4.72,,,,,,
"2023-10-21T15:07:13.164-04:00","TRACKPOINT",40.738316,-74.288538,144.46875,10,,4.39,,,,,,
"2023-10-21T15:07:22.163-04:00","TRACKPOINT",40.738235,-74.288595,145.70874,10,,4.14,,,,,,
"2023-10-21T15:07:31.158-04:00","TRACKPOINT",40.738171,-74.288701,143.981445,10,,5.29,,,,,,
"2023-10-21T15:07:40.158-04:00","TRACKPOINT",40.738094,-74.288791,143.195801,10,,4.75,,,,,,
"2023-10-21T15:07:48.165-04:00","TRACKPOINT",40.738001,-74.288829,144.527771,10,,4.28,,,,,,
"2023-10-21T15:07:58.157-04:00","TRACKPOINT",40.737919,-74.288899,144.775757,10,,4.64,,,,,,
"2023-10-21T15:08:05.162-04:00","TRACKPOINT",40.737853,-74.288984,147.16626,10,,4.28,,,,,,
"2023-10-21T15:08:12.156-04:00","TRACKPOINT",40.737768,-74.289055,151.753784,10,,4.14,,,,,,
"2023-10-21T15:08:22.152-04:00","TRACKPOINT",40.737718,-74.289098,148.813599,10,,3.31,,,,,,
"2023-10-21T15:08:22.17-04:00","IDLE",,,,,,,,,,,,
"2023-10-21T15:08:30.16-04:00","TRACKPOINT",40.737656,-74.289204,147.512451,10,,4.86,,,,,,
"2023-10-21T15:08:38.162-04:00","TRACKPOINT",40.737588,-74.289283,150.96167,10,,4.93,,,,,,
"2023-10-21T15:08:45.159-04:00","TRACKPOINT",40.737523,-74.289378,151.003967,10,,6.26,,,,,,
"2023-10-21T15:08:53.16-04:00","TRACKPOINT",40.737463,-74.289473,151.474365,10,,5.33,,,,,,
"2023-10-21T15:09:00.16-04:00","TRACKPOINT",40.73739,-74.289554,152.109314,10,,5.47,,,,,,
"2023-10-21T15:09:10.16-04:00","TRACKPOINT",40.737342,-74.289626,148.639526,10,,2.41,,,,,,
"2023-10-21T15:09:10.179-04:00","IDLE",,,,,,,,,,,,
"2023-10-21T15:09:20.159-04:00","TRACKPOINT",40.737316,-74.28974,149.577393,10,,5.62,,,,,,
"2023-10-21T15:09:28.159-04:00","TRACKPOINT",40.737247,-74.289819,149.789062,10,,3.56,,,,,,
"2023-10-21T15:09:35.162-04:00","TRACKPOINT",40.737158,-74.289844,147.832153,10,,5.11,,,,,,
"2023-10-21T15:09:43.169-04:00","TRACKPOINT",40.737113,-74.289954,147.855774,10,,2.02,,,,,,
"2023-10-21T15:09:52.16-04:00","TRACKPOINT",40.737059,-74.290054,147.373779,10,,0.9,,,,,,
"2023-10-21T15:10:02.164-04:00","TRACKPOINT",40.737041,-74.290056,148.460144,10,,1.3,,,,,,
"2023-10-21T15:10:02.18-04:00","IDLE",,,,,,,,,,,,
"2023-10-21T15:10:11.163-04:00","TRACKPOINT",40.736984,-74.290157,143.116943,10,,5.76,,,,,,
"2023-10-21T15:10:18.161-04:00","TRACKPOINT",40.73692,-74.290252,141.478271,10,,5.22,,,,,,
"2023-10-21T15:10:26.16-04:00","TRACKPOINT",40.73687,-74.290364,140.444946,10,,4.86,,,,,,
"2023-10-21T15:10:34.163-04:00","TRACKPOINT",40.736799,-74.290439,140.46814,10,,4.82,,,,,,
"2023-10-21T15:10:41.163-04:00","TRACKPOINT",40.736726,-74.290532,141.722961,10,,5.18,,,,,,
"2023-10-21T15:10:49.162-04:00","TRACKPOINT",40.736652,-74.290608,141.093994,10,,5.11,,,,,,
"2023-10-21T15:10:57.165-04:00","TRACKPOINT",40.736561,-74.290644,139.746277,10,,3.89,,,,,,
"2023-10-21T15:11:05.161-04:00","TRACKPOINT",40.736463,-74.290671,140.317932,10,,4.86,,,,,,
"2023-10-21T15:11:15.161-04:00","TRACKPOINT",40.736368,-74.290662,141.121216,10,,4.36,,,,,,
"2023-10-21T15:11:22.159-04:00","TRACKPOINT",40.736274,-74.290693,143.045837,10,,5.54,,,,,,
"2023-10-21T15:11:30.167-04:00","TRACKPOINT",40.736182,-74.290746,140.572876,10,,4.9,,,,,,
"2023-10-21T15:11:37.161-04:00","TRACKPOINT",40.736102,-74.290809,141.623779,10,,5.29,,,,,,
"2023-10-21T15:11:46.158-04:00","TRACKPOINT",40.736009,-74.290859,141.21936,10,,4.46,,,,,,
"2023-10-21T15:11:54.162-04:00","TRACKPOINT",40.735923,-74.290935,138.740295,10,,7.45,,,,,,
"2023-10-21T15:12:02.161-04:00","TRACKPOINT",40.735845,-74.290999,137.876221,10,,4.72,,,,,,
"2023-10-21T15:12:09.165-04:00","TRACKPOINT",40.735767,-74.291069,134.398376,10,,4.86,,,,,,
"2023-10-21T15:12:17.158-04:00","TRACKPOINT",40.735689,-74.291147,135.836914,10,,3.74,,,,,,
"2023-10-21T15:12:24.164-04:00","TRACKPOINT",40.735611,-74.291208,137.56958,10,,5.15,,,,,,
"2023-10-21T15:12:31.166-04:00","TRACKPOINT",40.735531,-74.291273,138.797424,10,,4.79,,,,,,
"2023-10-21T15:12:39.162-04:00","TRACKPOINT",40.735446,-74.291323,139.316528,10,,4.82,,,,,,
"2023-10-21T15:12:46.16-04:00","TRACKPOINT",40.735359,-74.291354,139.559082,10,,2.66,,,,,,
"2023-10-21T15:12:54.162-04:00","TRACKPOINT",40.735285,-74.291423,140.734375,10,,4.25,,,,,,
"2023-10-21T15:13:01.166-04:00","TRACKPOINT",40.735219,-74.291511,135.891113,10,,4.07,,,,,,
"2023-10-21T15:13:09.158-04:00","TRACKPOINT",40.735161,-74.291621,133.004028,10,,5.62,,,,,,
"2023-10-21T15:13:17.161-04:00","TRACKPOINT",40.735114,-74.291729,134.612976,10,,2.63,,,,,,
"2023-10-21T15:13:25.159-04:00","TRACKPOINT",40.73507,-74.291836,135.179932,10,,2.45,,,,,,
"2023-10-21T15:13:33.157-04:00","TRACKPOINT",40.735008,-74.291942,136.021484,10,,4.86,,,,,,
"2023-10-21T15:13:38.159-04:00","TRACKPOINT",40.734954,-74.292042,137.465454,10,,6.19,,,,,,
"2023-10-21T15:13:44.159-04:00","TRACKPOINT",40.734911,-74.292151,135.779663,10,,5.69,,,,,,
"2023-10-21T15:13:51.159-04:00","TRACKPOINT",40.73486,-74.292253,135.273132,10,,5.9,,,,,,
"2023-10-21T15:13:59.162-04:00","TRACKPOINT",40.734815,-74.292361,133.532715,10,,5.9,,,,,,
"2023-10-21T15:14:07.158-04:00","TRACKPOINT",40.734833,-74.292481,134.971008,10,,3.92,,,,,,
"2023-10-21T15:14:16.161-04:00","TRACKPOINT",40.734822,-74.2926,132.742188,10,,2.48,,,,,,
"2023-10-21T15:14:26.161-04:00","TRACKPOINT",40.734835,-74.292614,132.901306,10,,0,,,,,,
"2023-10-21T15:14:26.182-04:00","IDLE",,,,,,,,,,,,
"2023-10-21T15:15:11.166-04:00","TRACKPOINT",40.734794,-74.292726,132.954102,10,,5.98,,,,,,
"2023-10-21T15:15:19.16-04:00","TRACKPOINT",40.734773,-74.292854,133.800598,10,,5.22,,,,,,
"2023-10-21T15:15:26.158-04:00","TRACKPOINT",40.734733,-74.29297,134.125305,10,,4.9,,,,,,
"2023-10-21T15:15:33.161-04:00","TRACKPOINT",40.734679,-74.293073,134.264404,10,,6.62,,,,,,
"2023-10-21T15:15:40.158-04:00","TRACKPOINT",40.734625,-74.29318,131.971741,10,,5.9,,,,,,
"2023-10-21T15:15:48.16-04:00","TRACKPOINT",40.734634,-74.293312,130.88501,10,,4.93,,,,,,
"2023-10-21T15:15:55.158-04:00","TRACKPOINT",40.73463,-74.293438,133.899292,10,,5.04,,,,,,
"2023-10-21T15:16:03.159-04:00","TRACKPOINT",40.73465,-74.293561,133.797363,10,,4.39,,,,,,
"2023-10-21T15:16:10.161-04:00","TRACKPOINT",40.734668,-74.293679,132.778259,10,,4.68,,,,,,
"2023-10-21T15:16:18.163-04:00","TRACKPOINT",40.734695,-74.293799,129.996094,10,,4.68,,,,,,
"2023-10-21T15:16:26.166-04:00","TRACKPOINT",40.734744,-74.293914,132.066528,11,,5.29,,,,,,
"2023-10-21T15:16:36.16-04:00","TRACKPOINT",40.734802,-74.294023,130.165283,10,,4.43,,,,,,
"2023-10-21T15:16:43.163-04:00","TRACKPOINT",40.734863,-74.294127,130.288086,10,,4.97,,,,,,
"2023-10-21T15:16:53.158-04:00","TRACKPOINT",40.734871,-74.294232,129.39679,10,,3.67,,,,,,
"2023-10-21T15:16:53.18-04:00","IDLE",,,,,,,,,,,,
"2023-10-21T15:17:00.159-04:00","TRACKPOINT",40.73491,-74.29434,131.812622,10,,6.44,,,,,,
"2023-10-21T15:17:08.165-04:00","TRACKPOINT",40.734971,-74.29445,133.611755,10,,5.29,,,,,,
"2023-10-21T15:17:16.159-04:00","TRACKPOINT",40.735034,-74.294555,132.536987,10,,4.54,,,,,,
"2023-10-21T15:17:24.164-04:00","TRACKPOINT",40.735065,-74.294679,131.720215,10,,5.47,,,,,,
"2023-10-21T15:17:32.161-04:00","TRACKPOINT",40.735057,-74.294799,130.695129,10,,5.04,,,,,,
"2023-10-21T15:17:39.166-04:00","TRACKPOINT",40.735092,-74.294914,128.788025,10,,6.05,,,,,,
"2023-10-21T15:17:46.168-04:00","TRACKPOINT",40.735116,-74.29504,126.805908,10,,4.57,,,,,,
"2023-10-21T15:17:53.156-04:00","TRACKPOINT",40.735154,-74.295149,128.29895,10,,2.05,,,,,,
"2023-10-21T15:18:03.164-04:00","TRACKPOINT",40.735167,-74.295144,129.499268,10,,0,,,,,,
"2023-10-21T15:18:03.174-04:00","IDLE",,,,,,,,,,,,
"2023-10-21T15:19:31.159-04:00","TRACKPOINT",40.735261,-74.295132,130.463989,11,,2.63,,,,,,
"2023-10-21T15:19:41.156-04:00","TRACKPOINT",40.735283,-74.295103,130.729309,10,,0,,,,,,
"2023-10-21T15:19:41.178-04:00","IDLE",,,,,,,,,,,,
"2023-10-21T15:20:38.162-04:00","TRACKPOINT",40.735194,-74.29513,129.083252,10,,4.64,,,,,,
"2023-10-21T15:20:48.159-04:00","TRACKPOINT",40.735139,-74.295148,126.619873,10,,0,,,,,,
"2023-10-21T15:20:48.18-04:00","IDLE",,,,,,,,,,,,
"2023-10-21T15:21:49.162-04:00","TRACKPOINT",40.735059,-74.295067,131.138,10,,5.15,,,,,,
"2023-10-21T15:21:56.163-04:00","TRACKPOINT",40.734963,-74.29506,131.324707,10,,4.97,,,,,,
"2023-10-21T15:22:03.163-04:00","TRACKPOINT",40.734879,-74.29512,131.23999,10,,4,,,,,,
"2023-10-21T15:22:11.156-04:00","TRACKPOINT",40.734792,-74.295176,132.220642,10,,5.44,,,,,,
"2023-10-21T15:22:18.159-04:00","TRACKPOINT",40.734715,-74.295247,134.528076,10,,3.56,,,,,,
"2023-10-21T15:22:25.162-04:00","TRACKPOINT",40.73466,-74.295344,132.122559,10,,5.15,,,,,,
"2023-10-21T15:22:33.161-04:00","TRACKPOINT",40.734572,-74.295409,130.800598,11,,5.33,,,,,,
"2023-10-21T15:22:40.168-04:00","TRACKPOINT",40.734496,-74.29548,129.08905,10,,5.83,,,,,,
"2023-10-21T15:22:45.163-04:00","TRACKPOINT",40.734437,-74.295574,130.043823,10,,7.45,,,,,,
"2023-10-21T15:22:52.162-04:00","TRACKPOINT",40.734376,-74.295664,129.695618,10,,8.64,,,,,,
"2023-10-21T15:23:01.166-04:00","TRACKPOINT",40.73429,-74.295728,125.054749,11,,4.43,,,,,,
"2023-10-21T15:23:10.162-04:00","TRACKPOINT",40.734261,-74.295842,126.965698,10,,4.21,,,,,,
"2023-10-21T15:23:17.162-04:00","TRACKPOINT",40.734223,-74.295961,127.805847,10,,2.66,,,,,,
"2023-10-21T15:23:25.161-04:00","TRACKPOINT",40.734183,-74.296088,127.302002,10,,5.22,,,,,,
"2023-10-21T15:23:31.159-04:00","TRACKPOINT",40.734176,-74.296218,126.461975,11,,4.79,,,,,,
"2023-10-21T15:23:39.162-04:00","TRACKPOINT",40.734104,-74.296302,126.066345,10,,3.71,,,,,,
"2023-10-21T15:23:46.16-04:00","TRACKPOINT",40.734046,-74.296404,127.191956,10,,5.4,,,,,,
"2023-10-21T15:23:54.158-04:00","TRACKPOINT",40.734015,-74.296525,126.319519,11,,3.96,,,,,,
"2023-10-21T15:24:02.162-04:00","TRACKPOINT",40.733952,-74.296621,124.687073,10,,6.62,,,,,,
"2023-10-21T15:24:10.163-04:00","TRACKPOINT",40.73386,-74.296633,127.676758,10,,4.5,,,,,,
"2023-10-21T15:24:17.163-04:00","TRACKPOINT",40.733767,-74.296668,127.866333,10,,5.36,,,,,,
"2023-10-21T15:24:25.158-04:00","TRACKPOINT",40.73372,-74.296778,127.524353,10,,3.53,,,,,,
"2023-10-21T15:24:32.16-04:00","TRACKPOINT",40.733677,-74.296882,126.762634,10,,5.18,,,,,,
"2023-10-21T15:24:41.16-04:00","TRACKPOINT",40.733634,-74.296998,124.3479,10,,4.82,,,,,,
"2023-10-21T15:24:47.163-04:00","TRACKPOINT",40.733649,-74.297121,121.945007,10,,4.43,,,,,,
"2023-10-21T15:24:55.162-04:00","TRACKPOINT",40.733603,-74.29723,123.427856,10,,2.66,,,,,,
"2023-10-21T15:25:02.16-04:00","TRACKPOINT",40.733505,-74.297267,122.392273,10,,4.43,,,,,,
"2023-10-21T15:25:08.161-04:00","TRACKPOINT",40.733416,-74.297258,124.801941,10,,5,,,,,,
"2023-10-21T15:25:15.161-04:00","TRACKPOINT",40.733324,-74.297261,123.847961,11,,3.46,,,,,,
"2023-10-21T15:25:23.15-04:00","TRACKPOINT",40.733249,-74.297332,120.874207,10,,4.79,,,,,,
"2023-10-21T15:25:30.161-04:00","TRACKPOINT",40.733186,-74.297423,119.414429,10,,4.93,,,,,,
"2023-10-21T15:25:40.165-04:00","TRACKPOINT",40.733104,-74.297485,117.601868,10,,3.64,,,,,,
"2023-10-21T15:25:47.163-04:00","TRACKPOINT",40.733022,-74.297538,117.536316,10,,4.25,,,,,,
"2023-10-21T15:25:57.161-04:00","TRACKPOINT",40.73294,-74.297565,118.681335,10,,2.7,,,,,,
"2023-10-21T15:25:57.183-04:00","IDLE",,,,,,,,,,,,
"2023-10-21T15:26:04.171-04:00","TRACKPOINT",40.732868,-74.297658,120.761536,10,,5.8,,,,,,
"2023-10-21T15:26:09.161-04:00","TRACKPOINT",40.732835,-74.297769,119.018311,10,,3.71,,,,,,
"2023-10-21T15:26:18.167-04:00","TRACKPOINT",40.732736,-74.297782,119.971985,10,,4.32,,,,,,
"2023-10-21T15:26:25.16-04:00","TRACKPOINT",40.732647,-74.297743,122.341309,10,,4.57,,,,,,
"2023-10-21T15:26:32.162-04:00","TRACKPOINT",40.732561,-74.297798,122.367188,10,,4.64,,,,,,
"2023-10-21T15:26:39.162-04:00","TRACKPOINT",40.732468,-74.297799,123.45459,10,,4.61,,,,,,
"2023-10-21T15:26:47.16-04:00","TRACKPOINT",40.732375,-74.297804,124.007751,10,,4.18,,,,,,
"2023-10-21T15:26:55.16-04:00","TRACKPOINT",40.732285,-74.297847,123.966125,10,,4.97,,,,,,
"2023-10-21T15:27:05.16-04:00","TRACKPOINT",40.732219,-74.297937,120.573242,10,,4.25,,,,,,
"2023-10-21T15:27:14.166-04:00","TRACKPOINT",40.732124,-74.297957,121.692749,10,,4.25,,,,,,
"2023-10-21T15:27:20.161-04:00","TRACKPOINT",40.732029,-74.29797,124.354248,10,,5.62,,,,,,
"2023-10-21T15:27:28.162-04:00","TRACKPOINT",40.731936,-74.297977,121.271179,10,,4.79,,,,,,
"2023-10-21T15:27:37.16-04:00","TRACKPOINT",40.731844,-74.297977,122.520081,10,,4.72,,,,,,
"2023-10-21T15:27:44.161-04:00","TRACKPOINT",40.731762,-74.297917,124.238953,10,,2.66,,,,,,
"2023-10-21T15:27:54.164-04:00","TRACKPOINT",40.731775,-74.297941,120.411682,10,,1.55,,,,,,
"2023-10-21T15:27:54.18-04:00","IDLE",,,,,,,,,,,,
"2023-10-21T15:28:03.163-04:00","TRACKPOINT",40.731686,-74.29801,118.94812,10,,4.54,,,,,,
"2023-10-21T15:28:09.161-04:00","TRACKPOINT",40.731614,-74.298094,117.664246,10,,4.93,,,,,,
"2023-10-21T15:28:16.16-04:00","TRACKPOINT",40.731515,-74.298118,117.456177,10,,5.44,,,,,,
"2023-10-21T15:28:24.159-04:00","TRACKPOINT",40.731416,-74.298077,123.389404,10,,5,,,,,,
"2023-10-21T15:28:33.159-04:00","TRACKPOINT",40.731323,-74.298051,121.20874,10,,4.72,,,,,,
"2023-10-21T15:28:42.16-04:00","TRACKPOINT",40.731226,-74.298018,121.639099,10,,5.26,,,,,,
"2023-10-21T15:28:49.165-04:00","TRACKPOINT",40.731124,-74.298007,124.68219,10,,4.18,,,,,,
"2023-10-21T15:28:59.165-04:00","TRACKPOINT",40.73111,-74.298093,120.752258,10,,2.66,,,,,,
"2023-10-21T15:28:59.185-04:00","IDLE",,,,,,,,,,,,
"2023-10-21T15:29:06.152-04:00","TRACKPOINT",40.731168,-74.2982,120.813416,10,,4.97,,,,,,
"2023-10-21T15:29:13.162-04:00","TRACKPOINT",40.73118,-74.298337,122.007446,11,,7.2,,,,,,
"2023-10-21T15:29:22.164-04:00","TRACKPOINT",40.731196,-74.298462,121.793213,10,,2.48,,,,,,
"2023-10-21T15:29:30.163-04:00","TRACKPOINT",40.731182,-74.298604,121.792664,10,,7.7,,,,,,
"2023-10-21T15:29:37.166-04:00","TRACKPOINT",40.731243,-74.298694,121.344727,10,,3.46,,,,,,
"2023-10-21T15:29:47.159-04:00","TRACKPOINT",40.731292,-74.298688,121.633789,10,,0,,,,,,
"2023-10-21T15:29:47.191-04:00","IDLE",,,,,,,,,,,,
"2023-10-21T15:30:09.16-04:00","TRACKPOINT",40.731361,-74.298784,120.335632,10,,5.83,,,,,,
"2023-10-21T15:30:16.16-04:00","TRACKPOINT",40.731458,-74.298823,122.969788,10,,5.54,,,,,,
"2023-10-21T15:30:26.163-04:00","TRACKPOINT",40.731539,-74.298878,115.94458,10,,4.82,,,,,,
"2023-10-21T15:30:36.161-04:00","TRACKPOINT",40.731619,-74.298951,112.853638,10,,5.94,,,,,,
"2023-10-21T15:30:44.163-04:00","TRACKPOINT",40.731706,-74.298999,115.017029,10,,5.08,,,,,,
"2023-10-21T15:30:54.161-04:00","TRACKPOINT",40.731799,-74.299059,113.517944,10,,5.29,,,,,,
"2023-10-21T15:31:01.168-04:00","TRACKPOINT",40.73184,-74.299166,110.464355,10,,4.03,,,,,,
"2023-10-21T15:31:10.165-04:00","TRACKPOINT",40.731896,-74.299284,113.726135,10,,5.9,,,,,,
"2023-10-21T15:31:16.171-04:00","TRACKPOINT",40.731955,-74.299381,113.152771,10,,5.8,,,,,,
"2023-10-21T15:31:21.173-04:00","TRACKPOINT",40.73198,-74.299507,113.551697,10,,7.27,,,,,,
"2023-10-21T15:31:31.168-04:00","TRACKPOINT",40.732063,-74.299581,111.99292,10,,4.9,,,,,,
"2023-10-21T15:31:40.168-04:00","TRACKPOINT",40.732124,-74.299669,111.488342,10,,5.33,,,,,,
"2023-10-21T15:31:48.163-04:00","TRACKPOINT",40.732175,-74.299773,109.493347,10,,5.47,,,,,,
"2023-10-21T15:31:56.163-04:00","TRACKPOINT",40.732221,-74.299878,110.136108,10,,4.25,,,,,,
"2023-10-21T15:32:04.162-04:00","TRACKPOINT",40.73228,-74.299976,110.140564,10,,4.97,,,,,,
"2023-10-21T15:32:11.164-04:00","TRACKPOINT",40.732347,-74.300077,110.596191,10,,5,,,,,,
"2023-10-21T15:32:19.151-04:00","TRACKPOINT",40.732411,-74.300176,111.586914,10,,5.44,,,,,,
"2023-10-21T15:32:28.161-04:00","TRACKPOINT",40.732405,-74.3003,107.489258,10,,4.32,,,,,,
"2023-10-21T15:32:34.163-04:00","TRACKPOINT",40.732416,-74.300421,109.66571,11,,5.76,,,,,,
"2023-10-21T15:32:40.162-04:00","TRACKPOINT",40.732436,-74.300538,109.733215,10,,6.44,,,,,,
"2023-10-21T15:32:47.159-04:00","TRACKPOINT",40.732468,-74.300653,108.68866,10,,6.3,,,,,,
"2023-10-21T15:32:55.156-04:00","TRACKPOINT",40.732502,-74.300778,109.732422,10,,6.84,,,,,,
"2023-10-21T15:33:03.161-04:00","TRACKPOINT",40.732555,-74.300885,106.876465,10,,5.9,,,,,,
"2023-10-21T15:33:12.157-04:00","TRACKPOINT",40.732625,-74.300974,106.243347,10,,4.36,,,,,,
"2023-10-21T15:33:20.161-04:00","TRACKPOINT",40.732704,-74.30104,105.71936,10,,5.94,,,,,,
"2023-10-21T15:33:28.163-04:00","TRACKPOINT",40.732795,-74.301037,107.518311,10,,4.21,,,,,,
"2023-10-21T15:33:38.16-04:00","TRACKPOINT",40.732892,-74.301055,108.158386,10,,3.82,,,,,,
"2023-10-21T15:33:48.166-04:00","TRACKPOINT",40.732937,-74.30108,104.482178,10,,0,,,,,,
"2023-10-21T15:33:48.179-04:00","IDLE",,,,,,,,,,,,
"2023-10-21T15:34:06.161-04:00","TRACKPOINT",40.733031,-74.301097,104.69043,10,,6.48,,,,,,
"2023-10-21T15:34:11.163-04:00","TRACKPOINT",40.733129,-74.301087,106.360107,10,,6.44,,,,,,
"2023-10-21T15:34:19.163-04:00","TRACKPOINT",40.73322,-74.301102,103.346802,10,,5.18,,,,,,
"2023-10-21T15:34:28.161-04:00","TRACKPOINT",40.733318,-74.301082,100.536011,10,,4.9,,,,,,
"2023-10-21T15:34:36.16-04:00","TRACKPOINT",40.733412,-74.301097,99.509094,10,,5.4,,,,,,
"2023-10-21T15:34:43.161-04:00","TRACKPOINT",40.733499,-74.301134,102.497925,10,,3.96,,,,,,
"2023-10-21T15:34:50.167-04:00","TRACKPOINT",40.733598,-74.30115,101.10968,10,,4.46,,,,,,
"2023-10-21T15:34:59.163-04:00","TRACKPOINT",40.7337,-74.301174,100.736755,10,,5.08,,,,,,
"2023-10-21T15:35:06.165-04:00","TRACKPOINT",40.733794,-74.301218,101.073242,11,,5.15,,,,,,
"2023-10-21T15:35:13.168-04:00","TRACKPOINT",40.733895,-74.301232,101.486389,10,,5.33,,,,,,
"2023-10-21T15:35:22.165-04:00","TRACKPOINT",40.734,-74.30123,98.044434,10,,6.05,,,,,,
"2023-10-21T15:35:29.167-04:00","TRACKPOINT",40.734098,-74.301208,97.643311,10,,4.82,,,,,,
"2023-10-21T15:35:36.165-04:00","TRACKPOINT",40.7342,-74.301207,98.609863,10,,6.23,,,,,,
"2023-10-21T15:35:45.169-04:00","TRACKPOINT",40.734299,-74.301193,97.831787,10,,4.61,,,,,,
"2023-10-21T15:35:54.167-04:00","TRACKPOINT",40.734389,-74.301165,95.845093,10,,4.82,,,,,,
"2023-10-21T15:36:02.164-04:00","TRACKPOINT",40.734476,-74.301128,95.290894,10,,4.28,,,,,,
"2023-10-21T15:36:10.164-04:00","TRACKPOINT",40.734571,-74.30111,97.385254,10,,5.26,,,,,,
"2023-10-21T15:36:19.161-04:00","TRACKPOINT",40.734669,-74.301088,94.427551,10,,5.04,,,,,,
"2023-10-21T15:36:27.163-04:00","TRACKPOINT",40.734761,-74.301086,94.365173,10,,1.48,,,,,,
"2023-10-21T15:36:35.165-04:00","TRACKPOINT",40.73485,-74.30111,95.141968,10,,5.33,,,,,,
"2023-10-21T15:36:42.161-04:00","TRACKPOINT",40.734941,-74.301133,92.532104,10,,6.19,,,,,,
"2023-10-21T15:36:50.167-04:00","TRACKPOINT",40.735034,-74.301159,91.703979,10,,2.66,,,,,,
"2023-10-21T15:36:59.164-04:00","TRACKPOINT",40.73513,-74.301179,89.555725,10,,5.62,,,,,,
"2023-10-21T15:37:07.165-04:00","TRACKPOINT",40.735227,-74.301213,90.053467,10,,5.69,,,,,,
"2023-10-21T15:37:15.166-04:00","TRACKPOINT",40.735321,-74.30118,89.613831,10,,4.72,,,,,,
"2023-10-21T15:37:22.162-04:00","TRACKPOINT",40.735419,-74.301149,89.771606,10,,5.76,,,,,,
"2023-10-21T15:37:30.163-04:00","TRACKPOINT",40.735515,-74.301176,90.02478,10,,3.96,,,,,,
"2023-10-21T15:37:38.165-04:00","TRACKPOINT",40.735612,-74.301152,88.007507,10,,4.25,,,,,,
"2023-10-21T15:37:47.162-04:00","TRACKPOINT",40.735701,-74.301126,88.058167,10,,3.82,,,,,,
"2023-10-21T15:37:56.16-04:00","TRACKPOINT",40.73579,-74.301101,86.537537,10,,4.68,,,,,,
"2023-10-21T15:38:04.157-04:00","TRACKPOINT",40.735882,-74.30104,85.402771,10,,4.79,,,,,,
"2023-10-21T15:38:12.16-04:00","TRACKPOINT",40.73597,-74.300998,86.817627,10,,2.27,,,,,,
"2023-10-21T15:38:22.163-04:00","TRACKPOINT",40.735983,-74.301017,86.687317,10,,0,,,,,,
"2023-10-21T15:38:22.183-04:00","IDLE",,,,,,,,,,,,
"2023-10-21T15:38:30.165-04:00","TRACKPOINT",40.736073,-74.30098,86.156067,10,,6.62,,,,,,
"2023-10-21T15:38:38.164-04:00","TRACKPOINT",40.736168,-74.300957,84.629517,10,,7.02,,,,,,
"2023-10-21T15:38:46.169-04:00","TRACKPOINT",40.736264,-74.30092,83.000793,10,,5.58,,,,,,
"2023-10-21T15:38:53.164-04:00","TRACKPOINT",40.736364,-74.30087,81.263794,10,,6.66,,,,,,
"2023-10-21T15:39:00.16-04:00","TRACKPOINT",40.736448,-74.300818,80.423157,10,,4.39,,,,,,
"2023-10-21T15:39:10.159-04:00","TRACKPOINT",40.736544,-74.300785,81.108765,10,,4.79,,,,,,
"2023-10-21T15:39:20.164-04:00","TRACKPOINT",40.73664,-74.300754,81.085571,10,,4.72,,,,,,
"2023-10-21T15:39:29.162-04:00","TRACKPOINT",40.736734,-74.300731,81.196899,10,,1.48,,,,,,
"2023-10-21T15:39:39.162-04:00","TRACKPOINT",40.73675,-74.300736,80.735352,10,,0,,,,,,
"2023-10-21T15:39:39.184-04:00","IDLE",,,,,,,,,,,,
"2023-10-21T15:39:59.162-04:00","TRACKPOINT",40.736832,-74.300662,75.265259,10,,5.72,,,,,,
"2023-10-21T15:40:06.172-04:00","TRACKPOINT",40.736914,-74.300609,75.878906,10,,5.69,,,,,,
"2023-10-21T15:40:13.166-04:00","TRACKPOINT",40.736999,-74.300537,73.968262,10,,5.4,,,,,,
"2023-10-21T15:40:20.159-04:00","TRACKPOINT",40.737052,-74.300434,74.911865,10,,4.9,,,,,,
"2023-10-21T15:40:29.167-04:00","TRACKPOINT",40.737148,-74.30039,72.238159,10,,3.53,,,,,,
"2023-10-21T15:40:36.163-04:00","TRACKPOINT",40.737238,-74.300367,72.714111,10,,5.69,,,,,,
"2023-10-21T15:40:42.163-04:00","TRACKPOINT",40.737341,-74.300355,73.474121,10,,5.51,,,,,,
"2023-10-21T15:40:52.162-04:00","TRACKPOINT",40.737388,-74.300351,74.21167,10,,0,,,,,,
"2023-10-21T15:40:52.187-04:00","IDLE",,,,,,,,,,,,
"2023-10-21T15:41:16.164-04:00","TRACKPOINT",40.737299,-74.300376,72.333923,10,,0,,,,,,
"2023-10-21T15:41:26.164-04:00","TRACKPOINT",40.737293,-74.300355,72.545532,11,,1.04,,,,,,
"2023-10-21T15:41:26.186-04:00","IDLE",,,,,,,,,,,,
"2023-10-21T15:42:12.165-04:00","TRACKPOINT",40.737395,-74.300321,70.813354,10,,6.05,,,,,,
"2023-10-21T15:42:17.17-04:00","TRACKPOINT",40.737477,-74.300264,70.802795,10,,6.34,,,,,,
"2023-10-21T15:42:24.166-04:00","TRACKPOINT",40.737561,-74.300201,72.907959,10,,4.86,,,,,,
"2023-10-21T15:42:31.16-04:00","TRACKPOINT",40.737637,-74.300122,71.819214,10,,5.83,,,,,,
"2023-10-21T15:42:39.162-04:00","TRACKPOINT",40.737714,-74.300032,68.696106,10,,6.05,,,,,,
"2023-10-21T15:42:46.159-04:00","TRACKPOINT",40.737787,-74.299948,68.040405,10,,4.1,,,,,,
"2023-10-21T15:42:54.161-04:00","TRACKPOINT",40.737854,-74.299861,67.368042,10,,6.01,,,,,,
"2023-10-21T15:43:00.163-04:00","TRACKPOINT",40.73792,-74.299774,67.280945,10,,5.62,,,,,,
"2023-10-21T15:43:07.16-04:00","TRACKPOINT",40.738016,-74.299736,68.928223,10,,4.14,,,,,,
"2023-10-21T15:43:15.161-04:00","TRACKPOINT",40.738106,-74.299788,64.843079,10,,4.86,,,,,,
"2023-10-21T15:43:23.162-04:00","TRACKPOINT",40.738125,-74.299919,62.802063,11,,5.04,,,,,,
"2023-10-21T15:43:29.166-04:00","TRACKPOINT",40.738113,-74.300048,63.746521,13,,6.77,,,,,,
"2023-10-21T15:43:39.163-04:00","TRACKPOINT",40.738083,-74.300142,59.832764,12,,5.98,,,,,,
"2023-10-21T15:43:39.185-04:00","IDLE",,,,,,,,,,,,
"2023-10-21T15:43:46.156-04:00","TRACKPOINT",40.738066,-74.300271,57.984131,11,,5.94,,,,,,
"2023-10-21T15:43:53.163-04:00","TRACKPOINT",40.738057,-74.300394,55.155212,11,,5.9,,,,,,
"2023-10-21T15:44:01.163-04:00","TRACKPOINT",40.738071,-74.300522,56.862,11,,5.72,,,,,,
"2023-10-21T15:44:08.163-04:00","TRACKPOINT",40.738113,-74.300639,57.928162,11,,3.78,,,,,,
"2023-10-21T15:44:16.164-04:00","TRACKPOINT",40.738125,-74.300769,57.092468,10,,5.22,,,,,,
"2023-10-21T15:44:23.165-04:00","TRACKPOINT",40.738115,-74.300896,55.914368,10,,4.57,,,,,,
"2023-10-21T15:44:30.161-04:00","TRACKPOINT",40.738104,-74.301015,55.030579,10,,5.36,,,,,,
"2023-10-21T15:44:38.164-04:00","TRACKPOINT",40.738083,-74.301143,56.789185,11,,4.07,,,,,,
"2023-10-21T15:44:44.166-04:00","TRACKPOINT",40.738046,-74.301266,55.712341,11,,5.9,,,,,,
"2023-10-21T15:44:53.163-04:00","TRACKPOINT",40.737973,-74.301364,52.525085,10,,6.59,,,,,,
"2023-10-21T15:45:02.163-04:00","TRACKPOINT",40.737905,-74.301457,53.133118,10,,5.76,,,,,,
"2023-10-21T15:45:10.161-04:00","TRACKPOINT",40.737865,-74.301579,52.801575,11,,5.29,,,,,,
"2023-10-21T15:45:18.167-04:00","TRACKPOINT",40.737822,-74.30169,51.310974,11,,2.52,,,,,,
"2023-10-21T15:45:28.166-04:00","TRACKPOINT",40.737728,-74.301749,49.340027,10,,7.74,,,,,,
"2023-10-21T15:45:37.161-04:00","TRACKPOINT",40.737679,-74.301858,48.239685,10,,4.68,,,,,,
"2023-10-21T15:45:45.162-04:00","TRACKPOINT",40.737647,-74.301969,48.15509,10,,4.07,,,,,,
"2023-10-21T15:45:52.159-04:00","TRACKPOINT",40.737608,-74.302082,48.695251,10,,5.18,,,,,,
"2023-10-21T15:46:00.163-04:00","TRACKPOINT",40.737606,-74.302207,50.738708,10,,2.45,,,,,,
"2023-10-21T15:46:08.163-04:00","TRACKPOINT",40.737532,-74.302304,48.118469,10,,5.65,,,,,,
"2023-10-21T15:46:18.157-04:00","TRACKPOINT",40.737491,-74.302406,47.106201,12,,2.48,,,,,,
"2023-10-21T15:46:18.183-04:00","IDLE",,,,,,,,,,,,
"2023-10-21T15:46:27.167-04:00","TRACKPOINT",40.737503,-74.302539,47.485168,11,,4.46,,,,,,
"2023-10-21T15:46:33.159-04:00","TRACKPOINT",40.737592,-74.302584,48.256653,11,,4.79,,,,,,
"2023-10-21T15:46:41.161-04:00","TRACKPOINT",40.737675,-74.302525,48.212708,10,,5.22,,,,,,
"2023-10-21T15:46:50.163-04:00","TRACKPOINT",40.737751,-74.302449,46.259888,10,,4.5,,,,,,
"2023-10-21T15:47:00.163-04:00","TRACKPOINT",40.737845,-74.302409,45.339783,10,,4.97,,,,,,
"2023-10-21T15:47:09.157-04:00","TRACKPOINT",40.737939,-74.302375,44.234802,10,,5.26,,,,,,
"2023-10-21T15:47:16.164-04:00","TRACKPOINT",40.738025,-74.302307,42.452576,11,,5.51,,,,,,
"2023-10-21T15:47:26.164-04:00","TRACKPOINT",40.738097,-74.302223,43.306396,10,,3.49,,,,,,
"2023-10-21T15:47:35.162-04:00","TRACKPOINT",40.738191,-74.302178,40.826904,10,,5,,,,,,
"2023-10-21T15:47:43.161-04:00","TRACKPOINT",40.738273,-74.302103,41.054016,10,,4.61,,,,,,
"2023-10-21T15:47:51.168-04:00","TRACKPOINT",40.73835,-74.302041,37.172119,10,,2.63,,,,,,
"2023-10-21T15:47:59.162-04:00","TRACKPOINT",40.738421,-74.301956,37.788696,10,,4.36,,,,,,
"2023-10-21T15:48:06.16-04:00","TRACKPOINT",40.738482,-74.301859,38.912231,10,,5.08,,,,,,
"2023-10-21T15:48:15.162-04:00","TRACKPOINT",40.73855,-74.301778,40.711731,10,,3.74,,,,,,
"2023-10-21T15:48:25.165-04:00","TRACKPOINT",40.738624,-74.301731,40.361389,10,,3.92,,,,,,
"2023-10-21T15:48:25.182-04:00","IDLE",,,,,,,,,,,,
"2023-10-21T15:48:34.169-04:00","TRACKPOINT",40.738725,-74.301761,41.298401,10,,5.33,,,,,,
"2023-10-21T15:48:41.164-04:00","TRACKPOINT",40.738812,-74.30181,39.771118,10,,5.33,,,,,,
"2023-10-21T15:48:50.163-04:00","TRACKPOINT",40.73889,-74.301877,39.050537,10,,4.57,,,,,,
"2023-10-21T15:49:00.165-04:00","TRACKPOINT",40.738887,-74.301945,34.407532,10,,0,,,,,,
"2023-10-21T15:49:00.182-04:00","IDLE",,,,,,,,,,,,
"2023-10-21T15:49:20.158-04:00","TRACKPOINT",40.738947,-74.302039,32.967773,10,,5.15,,,,,,
"2023-10-21T15:49:28.161-04:00","TRACKPOINT",40.739037,-74.30208,30.528992,10,,5.44,,,,,,
"2023-10-21T15:49:35.161-04:00","TRACKPOINT",40.739089,-74.302178,31.139771,10,,4.64,,,,,,
"2023-10-21T15:49:43.164-04:00","TRACKPOINT",40.739159,-74.302267,30.678284,11,,5.47,,,,,,
"2023-10-21T15:49:52.163-04:00","TRACKPOINT",40.739245,-74.302306,30.238892,10,,5.33,,,,,,
"2023-10-21T15:50:01.164-04:00","TRACKPOINT",40.739338,-74.302279,31.613647,10,,2.38,,,,,,
"2023-10-21T15:50:11.164-04:00","TRACKPOINT",40.739389,-74.302247,33.950378,10,,2.59,,,,,,
"2023-10-21T15:50:11.18-04:00","IDLE",,,,,,,,,,,,
"2023-10-21T15:50:48.158-04:00","TRACKPOINT",40.739396,-74.302126,29.684937,10,,5.11,,,,,,
"2023-10-21T15:50:55.161-04:00","TRACKPOINT",40.739443,-74.302024,29.352783,10,,3.49,,,,,,
"2023-10-21T15:51:05.163-04:00","TRACKPOINT",40.739475,-74.301949,30.813416,10,,4.43,,,,,,
"2023-10-21T15:51:05.181-04:00","IDLE",,,,,,,,,,,,
"2023-10-21T15:51:13.166-04:00","TRACKPOINT",40.739538,-74.30185,31.346008,10,,3.53,,,,,,
"2023-10-21T15:51:19.163-04:00","TRACKPOINT",40.739614,-74.301786,31.391541,10,,5.33,,,,,,
"2023-10-21T15:51:27.161-04:00","TRACKPOINT",40.739696,-74.301715,32.219482,10,,3.53,,,,,,
"2023-10-21T15:51:34.162-04:00","TRACKPOINT",40.739793,-74.301686,34.042786,10,,6.37,,,,,,
"2023-10-21T15:51:42.163-04:00","TRACKPOINT",40.739885,-74.301678,32.711609,10,,5,,,,,,
"2023-10-21T15:51:51.166-04:00","TRACKPOINT",40.739978,-74.301689,31.474915,10,,2.92,,,,,,
"2023-10-21T15:51:58.161-04:00","TRACKPOINT",40.739958,-74.301807,31.131775,10,,2.56,,,,,,
"2023-10-21T15:52:08.16-04:00","TRACKPOINT",40.739976,-74.30193,29.558594,10,,5.36,,,,,,
"2023-10-21T15:52:14.163-04:00","TRACKPOINT",40.740011,-74.302052,29.322571,10,,6.3,,,,,,
"2023-10-21T15:52:20.164-04:00","TRACKPOINT",40.740094,-74.302124,32.829041,10,,6.59,,,,,,
"2023-10-21T15:52:30.164-04:00","TRACKPOINT",40.740166,-74.302209,30.457947,10,,4.18,,,,,,
"2023-10-21T15:52:40.163-04:00","TRACKPOINT",40.740237,-74.302283,29.655029,10,,4.43,,,,,,
"2023-10-21T15:52:47.173-04:00","TRACKPOINT",40.740312,-74.302351,30.160706,10,,5.69,,,,,,
"2023-10-21T15:52:54.169-04:00","TRACKPOINT",40.740401,-74.302378,30.873779,10,,6.3,,,,,,
"2023-10-21T15:53:01.159-04:00","TRACKPOINT",40.740502,-74.302366,31.592773,10,,4.46,,,,,,
"2023-10-21T15:53:11.163-04:00","TRACKPOINT",40.740598,-74.302343,31.908325,10,,4.32,,,,,,
"2023-10-21T15:53:19.164-04:00","TRACKPOINT",40.740699,-74.302317,30.022705,10,,5.29,,,,,,
"2023-10-21T15:53:27.163-04:00","TRACKPOINT",40.740777,-74.302237,28.501648,10,,5.8,,,,,,
"2023-10-21T15:53:37.161-04:00","TRACKPOINT",40.740835,-74.30214,30.255859,10,,2.59,,,,,,
"2023-10-21T15:53:46.168-04:00","TRACKPOINT",40.740866,-74.302027,28.462952,10,,3.96,,,,,,
"2023-10-21T15:53:55.163-04:00","TRACKPOINT",40.740957,-74.30199,29.50116,10,,4.18,,,,,,
"2023-10-21T15:54:03.161-04:00","TRACKPOINT",40.741045,-74.301954,29.517761,10,,5.44,,,,,,
"2023-10-21T15:54:11.165-04:00","TRACKPOINT",40.741119,-74.301871,30.741699,10,,4.68,,,,,,
"2023-10-21T15:54:21.163-04:00","TRACKPOINT",40.741199,-74.301801,32.113159,10,,3.13,,,,,,
"2023-10-21T15:54:27.164-04:00","TRACKPOINT",40.741292,-74.301786,33.944946,10,,5.54,,,,,,
"2023-10-21T15:54:35.16-04:00","TRACKPOINT",40.741367,-74.301721,32.497131,11,,3.96,,,,,,
"2023-10-21T15:54:42.162-04:00","TRACKPOINT",40.741448,-74.301664,32.082458,11,,5.83,,,,,,
"2023-10-21T15:54:48.163-04:00","TRACKPOINT",40.7415,-74.301567,31.205994,10,,4.79,,,,,,
"2023-10-21T15:54:58.167-04:00","TRACKPOINT",40.741507,-74.301549,30.552551,10,,3.78,,,,,,
"2023-10-21T15:54:58.18-04:00","IDLE",,,,,,,,,,,,
"2023-10-21T15:55:05.166-04:00","TRACKPOINT",40.741593,-74.301511,28.83136,10,,5.26,,,,,,
"2023-10-21T15:55:13.164-04:00","TRACKPOINT",40.741681,-74.301472,28.200562,10,,4.5,,,,,,
"2023-10-21T15:55:22.163-04:00","TRACKPOINT",40.741764,-74.301416,28.829468,10,,5,,,,,,
"2023-10-21T15:55:30.164-04:00","TRACKPOINT",40.741854,-74.301397,31.798218,11,,5.44,,,,,,
"2023-10-21T15:55:36.166-04:00","TRACKPOINT",40.741943,-74.30132,35.733032,11,,5.44,,,,,,
"2023-10-21T15:55:43.162-04:00","TRACKPOINT",40.742003,-74.301228,38.114319,10,,3.78,,,,,,
"2023-10-21T15:55:52.17-04:00","TRACKPOINT",40.742074,-74.301137,36.48114,10,,4.18,,,,,,
"2023-10-21T15:56:00.163-04:00","TRACKPOINT",40.742124,-74.301025,38.667297,10,,4.39,,,,,,
"2023-10-21T15:56:06.162-04:00","TRACKPOINT",40.742157,-74.300911,41.709167,10,,6.62,,,,,,
"2023-10-21T15:56:15.161-04:00","TRACKPOINT",40.742215,-74.300813,34.622314,10,,2.23,,,,,,
"2023-10-21T15:56:23.166-04:00","TRACKPOINT",40.742261,-74.3007,34.001038,10,,4.97,,,,,,
"2023-10-21T15:56:31.163-04:00","TRACKPOINT",40.742357,-74.300688,38.116333,10,,6.73,,,,,,
"2023-10-21T15:56:38.163-04:00","TRACKPOINT",40.742457,-74.30069,35.379211,10,,5.29,,,,,,
"2023-10-21T15:56:47.161-04:00","TRACKPOINT",40.742549,-74.300658,37.753235,10,,2.7,,,,,,
"2023-10-21T15:56:57.168-04:00","TRACKPOINT",40.742558,-74.300641,36.194641,10,,0.68,,,,,,
"2023-10-21T15:56:57.18-04:00","IDLE",,,,,,,,,,,,
"2023-10-21T15:57:17.167-04:00","TRACKPOINT",40.742652,-74.300621,34.562378,4,,2.02,,,,,,
"2023-10-21T15:57:27.166-04:00","TRACKPOINT",40.74268,-74.300641,36.857056,4,,0,,,,,,
"2023-10-21T15:57:27.185-04:00","IDLE",,,,,,,,,,,,
"2023-10-21T15:58:00.164-04:00","TRACKPOINT",40.74277,-74.300617,34.540161,4,,5.11,,,,,,
"2023-10-21T15:58:07.164-04:00","TRACKPOINT",40.742859,-74.300579,35.527954,4,,6.34,,,,,,
"2023-10-21T15:58:17.16-04:00","TRACKPOINT",40.742948,-74.300527,32.325012,10,,4,,,,,,
"2023-10-21T15:58:26.161-04:00","TRACKPOINT",40.743015,-74.300435,32.083618,10,,5.4,,,,,,
"2023-10-21T15:58:34.163-04:00","TRACKPOINT",40.743107,-74.300395,32.860168,10,,1.51,,,,,,
"2023-10-21T15:58:42.163-04:00","TRACKPOINT",40.743199,-74.300408,33.73175,10,,3.42,,,,,,
"2023-10-21T15:58:51.164-04:00","TRACKPOINT",40.743293,-74.300411,33.30719,11,,1.94,,,,,,
"2023-10-21T15:58:58.167-04:00","TRACKPOINT",40.743387,-74.300391,34.041321,11,,3.49,,,,,,
"2023-10-21T15:59:05.166-04:00","TRACKPOINT",40.743478,-74.300377,34.779297,10,,5.69,,,,,,
"2023-10-21T15:59:14.163-04:00","TRACKPOINT",40.74358,-74.300374,34.776306,10,,6.41,,,,,,
"2023-10-21T15:59:22.163-04:00","TRACKPOINT",40.743678,-74.300367,36.011902,10,,5.18,,,,,,
"2023-10-21T15:59:31.17-04:00","TRACKPOINT",40.743783,-74.300358,37.00061,10,,6.3,,,,,,
"2023-10-21T15:59:38.165-04:00","TRACKPOINT",40.743867,-74.300297,34.393555,10,,3.96,,,,,,
"2023-10-21T15:59:47.163-04:00","TRACKPOINT",40.743957,-74.300245,32.802002,10,,3.67,,,,,,
"2023-10-21T15:59:56.163-04:00","TRACKPOINT",40.744048,-74.300188,32.284302,10,,4.68,,,,,,
"2023-10-21T16:00:05.164-04:00","TRACKPOINT",40.744123,-74.300114,34.322693,10,,4.57,,,,,,
"2023-10-21T16:00:13.162-04:00","TRACKPOINT",40.744171,-74.300006,35.376892,10,,4.1,,,,,,
"2023-10-21T16:00:22.162-04:00","TRACKPOINT",40.7442,-74.299891,35.075317,10,,5.4,,,,,,
"2023-10-21T16:00:30.165-04:00","TRACKPOINT",40.744257,-74.299788,38.904297,10,,5.04,,,,,,
"2023-10-21T16:00:38.164-04:00","TRACKPOINT",40.744292,-74.299678,41.319397,10,,2.45,,,,,,
"2023-10-21T16:00:46.171-04:00","TRACKPOINT",40.744376,-74.299618,36.478699,10,,6.16,,,,,,
"2023-10-21T16:00:56.17-04:00","TRACKPOINT",40.744411,-74.299556,31.109009,10,,4.43,,,,,,
"2023-10-21T16:00:56.19-04:00","IDLE",,,,,,,,,,,,
"2023-10-21T16:01:11.163-04:00","TRACKPOINT",40.744472,-74.299469,33.619629,10,,3.1,,,,,,
"2023-10-21T16:01:19.165-04:00","TRACKPOINT",40.744521,-74.299349,35.307251,10,,5.54,,,,,,
"2023-10-21T16:01:26.165-04:00","TRACKPOINT",40.744571,-74.299235,37.163452,10,,4.61,,,,,,
"2023-10-21T16:01:33.164-04:00","TRACKPOINT",40.744633,-74.299149,36.48584,10,,4.32,,,,,,
"2023-10-21T16:01:42.163-04:00","TRACKPOINT",40.744726,-74.299122,38.122131,10,,4.1,,,,,,
"2023-10-21T16:01:52.159-04:00","TRACKPOINT",40.744747,-74.299028,37.814148,10,,5.54,,,,,,
"2023-10-21T16:01:52.187-04:00","IDLE",,,,,,,,,,,,
"2023-10-21T16:02:00.174-04:00","TRACKPOINT",40.744799,-74.298923,37.933167,10,,4.57,,,,,,
"2023-10-21T16:02:08.163-04:00","TRACKPOINT",40.744882,-74.29885,36.15741,10,,5.94,,,,,,
"2023-10-21T16:02:16.167-04:00","TRACKPOINT",40.744958,-74.298775,37.315735,10,,4.64,,,,,,
"2023-10-21T16:02:24.166-04:00","TRACKPOINT",40.745034,-74.298701,39.951782,10,,4.43,,,,,,
"2023-10-21T16:02:32.165-04:00","TRACKPOINT",40.745091,-74.298603,39.397278,10,,5.44,,,,,,
"2023-10-21T16:02:39.165-04:00","TRACKPOINT",40.745153,-74.298504,36.185181,10,,2.16,,,,,,
"2023-10-21T16:02:46.168-04:00","TRACKPOINT",40.745227,-74.298427,37.360229,10,,6.8,,,,,,
"2023-10-21T16:02:54.164-04:00","TRACKPOINT",40.745294,-74.298339,35.197205,10,,5.22,,,,,,
"2023-10-21T16:03:02.164-04:00","TRACKPOINT",40.745355,-74.298234,38.797424,10,,4.25,,,,,,
"2023-10-21T16:03:11.165-04:00","TRACKPOINT",40.745418,-74.298135,39.990967,10,,4.46,,,,,,
"2023-10-21T16:03:21.166-04:00","TRACKPOINT",40.745476,-74.298067,40.021851,10,,2.3,,,,,,
"2023-10-21T16:03:21.185-04:00","IDLE",,,,,,,,,,,,
"2023-10-21T16:03:31.162-04:00","TRACKPOINT",40.745535,-74.297971,40.880859,10,,3.6,,,,,,
"2023-10-21T16:03:40.165-04:00","TRACKPOINT",40.745601,-74.297889,40.149414,10,,3.82,,,,,,
"2023-10-21T16:03:49.167-04:00","TRACKPOINT",40.74567,-74.297806,40.886963,11,,4,,,,,,
"2023-10-21T16:03:59.167-04:00","TRACKPOINT",40.745756,-74.297814,36.62146,10,,4.21,,,,,,
"2023-10-21T16:03:59.188-04:00","IDLE",,,,,,,,,,,,
"2023-10-21T16:04:08.17-04:00","TRACKPOINT",40.745827,-74.297728,37.330872,10,,3.78,,,,,,
"2023-10-21T16:04:15.168-04:00","TRACKPOINT",40.745833,-74.297603,40.986694,10,,4.82,,,,,,
"2023-10-21T16:04:23.167-04:00","TRACKPOINT",40.745827,-74.297481,40.133301,10,,2.41,,,,,,
"2023-10-21T16:04:33.166-04:00","TRACKPOINT",40.745927,-74.297461,39.07196,10,,7.06,,,,,,
"2023-10-21T16:04:41.172-04:00","TRACKPOINT",40.746011,-74.297387,40.224365,10,,4.93,,,,,,
"2023-10-21T16:04:50.162-04:00","TRACKPOINT",40.746086,-74.297297,38.862549,10,,4.57,,,,,,
"2023-10-21T16:04:59.165-04:00","TRACKPOINT",40.746143,-74.297202,39.612,10,,1.87,,,,,,
"2023-10-21T16:05:09.166-04:00","TRACKPOINT",40.746191,-74.297127,39.631653,10,,4.68,,,,,,
"2023-10-21T16:05:09.187-04:00","IDLE",,,,,,,,,,,,
"2023-10-21T16:05:25.168-04:00","TRACKPOINT",40.746285,-74.297111,36.669495,10,,3.53,,,,,,
"2023-10-21T16:05:33.166-04:00","TRACKPOINT",40.746357,-74.297023,36.30249,10,,5.72,,,,,,
"2023-10-21T16:05:42.165-04:00","TRACKPOINT",40.746414,-74.296914,38.364197,11,,5.76,,,,,,
"2023-10-21T16:05:51.165-04:00","TRACKPOINT",40.746467,-74.2968,38.665833,10,,4.82,,,,,,
"2023-10-21T16:06:00.172-04:00","TRACKPOINT",40.74654,-74.296723,36.760254,10,,4.18,,,,,,
"2023-10-21T16:06:10.163-04:00","TRACKPOINT",40.746582,-74.296637,36.904297,10,,5.65,,,,,,
"2023-10-21T16:06:10.194-04:00","IDLE",,,,,,,,,,,,
"2023-10-21T16:06:19.163-04:00","TRACKPOINT",40.746656,-74.296554,39.890808,10,,4.36,,,,,,
"2023-10-21T16:06:26.171-04:00","TRACKPOINT",40.7467,-74.296432,38.998962,10,,5.54,,,,,,
"2023-10-21T16:06:35.161-04:00","TRACKPOINT",40.746763,-74.29634,37.820068,10,,4.46,,,,,,
"2023-10-21T16:06:44.166-04:00","TRACKPOINT",40.746723,-74.29623,40.046875,10,,4.46,,,,,,
"2023-10-21T16:06:52.164-04:00","TRACKPOINT",40.746711,-74.296104,45.218384,10,,2.66,,,,,,
"2023-10-21T16:07:00.167-04:00","TRACKPOINT",40.746758,-74.296001,42.120239,10,,1.69,,,,,,
"2023-10-21T16:07:10.165-04:00","TRACKPOINT",40.746829,-74.295936,40.411377,10,,4.32,,,,,,
"2023-10-21T16:07:10.186-04:00","IDLE",,,,,,,,,,,,
"2023-10-21T16:08:13.163-04:00","TRACKPOINT",40.746902,-74.295858,39.693848,10,,7.38,,,,,,
"2023-10-21T16:08:23.162-04:00","TRACKPOINT",40.746917,-74.29577,37.222107,10,,5.08,,,,,,
"2023-10-21T16:08:23.184-04:00","IDLE",,,,,,,,,,,,
"2023-10-21T16:08:28.165-04:00","TRACKPOINT",40.747001,-74.295703,38.77063,10,,6.3,,,,,,
"2023-10-21T16:08:33.169-04:00","TRACKPOINT",40.747065,-74.295614,37.1875,10,,6.05,,,,,,
"2023-10-21T16:08:41.174-04:00","TRACKPOINT",40.747126,-74.295511,38.615356,10,,5.33,,,,,,
"2023-10-21T16:08:48.165-04:00","TRACKPOINT",40.747201,-74.295444,39.698486,10,,5.15,,,,,,
"2023-10-21T16:08:55.165-04:00","TRACKPOINT",40.747288,-74.295368,41.927002,10,,5.47,,,,,,
"2023-10-21T16:09:03.165-04:00","TRACKPOINT",40.747366,-74.295285,41.711609,10,,4.72,,,,,,
"2023-10-21T16:09:10.168-04:00","TRACKPOINT",40.747451,-74.29521,43.596436,10,,5.29,,,,,,
"2023-10-21T16:09:20.169-04:00","TRACKPOINT",40.747522,-74.295194,46.969543,10,,0,,,,,,
"2023-10-21T16:09:20.187-04:00","IDLE",,,,,,,,,,,,
"2023-10-21T16:09:59.16-04:00","TRACKPOINT",40.747595,-74.295104,44.152832,10,,4.72,,,,,,
"2023-10-21T16:10:05.163-04:00","TRACKPOINT",40.747695,-74.295084,46.197083,10,,3.6,,,,,,
"2023-10-21T16:10:11.158-04:00","TRACKPOINT",40.747792,-74.295073,47.329163,10,,4.93,,,,,,
"2023-10-21T16:10:18.162-04:00","TRACKPOINT",40.747882,-74.295042,46.306824,10,,1.98,,,,,,
"2023-10-21T16:10:25.154-04:00","TRACKPOINT",40.747966,-74.294998,47.037109,4,,2.52,,,,,,
"2023-10-21T16:10:35.159-04:00","TRACKPOINT",40.747973,-74.295,45.77301,4,,0,,,,,,
"2023-10-21T16:10:35.167-04:00","IDLE",,,,,,,,,,,,
"2023-10-21T16:11:07.166-04:00","TRACKPOINT",40.748059,-74.294945,46.270813,4,,5,,,,,,
"2023-10-21T16:11:15.154-04:00","TRACKPOINT",40.748143,-74.294884,43.603699,4,,5.11,,,,,,
"2023-10-21T16:11:22.157-04:00","TRACKPOINT",40.748235,-74.294848,43.095032,10,,6.12,,,,,,
"2023-10-21T16:11:31.157-04:00","TRACKPOINT",40.748334,-74.294847,44.072632,10,,4.75,,,,,,
"2023-10-21T16:11:41.162-04:00","TRACKPOINT",40.748421,-74.29481,41.88324,10,,3.85,,,,,,
"2023-10-21T16:11:51.158-04:00","TRACKPOINT",40.748465,-74.294785,43.353821,10,,4.72,,,,,,
"2023-10-21T16:11:51.175-04:00","IDLE",,,,,,,,,,,,
"2023-10-21T16:12:00.161-04:00","TRACKPOINT",40.748558,-74.294726,45.679932,10,,5.44,,,,,,
"2023-10-21T16:12:07.162-04:00","TRACKPOINT",40.748641,-74.294681,47.913269,10,,4.9,,,,,,
"2023-10-21T16:12:15.157-04:00","TRACKPOINT",40.748741,-74.294654,48.98584,10,,5.9,,,,,,
"2023-10-21T16:12:25.159-04:00","TRACKPOINT",40.748839,-74.294635,49.834961,10,,4.72,,,,,,
"2023-10-21T16:12:33.16-04:00","TRACKPOINT",40.748932,-74.294617,48.997253,10,,4.03,,,,,,
"2023-10-21T16:12:41.158-04:00","TRACKPOINT",40.74903,-74.294595,48.886841,10,,5.44,,,,,,
"2023-10-21T16:12:48.159-04:00","TRACKPOINT",40.749124,-74.294574,48.013184,10,,3.67,,,,,,
"2023-10-21T16:12:57.157-04:00","TRACKPOINT",40.749213,-74.29455,46.621582,10,,4.46,,,,,,
"2023-10-21T16:13:06.17-04:00","TRACKPOINT",40.749306,-74.294489,47.835693,10,,4.64,,,,,,
"2023-10-21T16:13:13.157-04:00","TRACKPOINT",40.749372,-74.294403,49.596924,4,,5.94,,,,,,
"2023-10-21T16:13:21.155-04:00","TRACKPOINT",40.749449,-74.294329,51.677368,4,,4.64,,,,,,
"2023-10-21T16:13:31.155-04:00","TRACKPOINT",40.749475,-74.294286,51.535889,4,,5.22,,,,,,
"2023-10-21T16:13:31.169-04:00","IDLE",,,,,,,,,,,,
"2023-10-21T16:13:39.159-04:00","TRACKPOINT",40.749543,-74.294204,52.298645,4,,5.47,,,,,,
"2023-10-21T16:13:47.154-04:00","TRACKPOINT",40.7496,-74.294091,51.006165,4,,5.62,,,,,,
"2023-10-21T16:13:55.164-04:00","TRACKPOINT",40.749657,-74.293993,53.354797,4,,3.96,,,,,,
"2023-10-21T16:14:04.163-04:00","TRACKPOINT",40.749721,-74.293892,48.678894,4,,5.08,,,,,,
"2023-10-21T16:14:14.163-04:00","TRACKPOINT",40.749749,-74.29388,51.881714,4,,3.06,,,,,,
"2023-10-21T16:14:14.184-04:00","IDLE",,,,,,,,,,,,
"2023-10-21T16:14:29.165-04:00","TRACKPOINT",40.749805,-74.293777,53.241211,4,,5.44,,,,,,
"2023-10-21T16:14:36.165-04:00","TRACKPOINT",40.749872,-74.293694,52.276306,4,,5.26,,,,,,
"2023-10-21T16:14:43.162-04:00","TRACKPOINT",40.749936,-74.293597,51.078064,4,,4.61,,,,,,
"2023-10-21T16:14:51.166-04:00","TRACKPOINT",40.750001,-74.293494,50.588135,4,,5.58,,,,,,
"2023-10-21T16:14:59.17-04:00","TRACKPOINT",40.750063,-74.293382,51.679199,4,,5.83,,,,,,
"2023-10-21T16:15:07.164-04:00","TRACKPOINT",40.750106,-74.293263,52.804077,4,,5.65,,,,,,
"2023-10-21T16:15:16.168-04:00","TRACKPOINT",40.750125,-74.293135,52.802795,4,,5.29,,,,,,
"2023-10-21T16:15:23.163-04:00","TRACKPOINT",40.750166,-74.293026,51.929321,4,,4.72,,,,,,
"2023-10-21T16:15:30.165-04:00","TRACKPOINT",40.750222,-74.292929,53.454407,4,,4.75,,,,,,
"2023-10-21T16:15:39.166-04:00","TRACKPOINT",40.750292,-74.292851,54.828735,4,,2.59,,,,,,
"2023-10-21T16:15:47.157-04:00","TRACKPOINT",40.750364,-74.292775,53.098816,4,,2.38,,,,,,
"2023-10-21T16:15:56.166-04:00","TRACKPOINT",40.750441,-74.292697,52.55127,4,,4.43,,,,,,
"2023-10-21T16:16:05.158-04:00","TRACKPOINT",40.750475,-74.292579,50.373962,4,,4.32,,,,,,
"2023-10-21T16:16:13.163-04:00","TRACKPOINT",40.750509,-74.292463,50.065247,4,,5.65,,,,,,
"2023-10-21T16:16:20.16-04:00","TRACKPOINT",40.750529,-74.292332,49.533691,4,,6.41,,,,,,
"2023-10-21T16:16:28.168-04:00","TRACKPOINT",40.75058,-74.292219,45.07782,4,,4.61,,,,,,
"2023-10-21T16:16:36.165-04:00","TRACKPOINT",40.750655,-74.292135,46.629883,4,,4.03,,,,,,
"2023-10-21T16:16:46.155-04:00","TRACKPOINT",40.75074,-74.292074,47.367004,4,,5.8,,,,,,
"2023-10-21T16:16:53.158-04:00","TRACKPOINT",40.750815,-74.291996,45.440674,4,,5.8,,,,,,
"2023-10-21T16:17:01.162-04:00","TRACKPOINT",40.750873,-74.291901,41.885498,4,,4.18,,,,,,
"2023-10-21T16:17:11.165-04:00","TRACKPOINT",40.750853,-74.291794,46.142151,4,,4.54,,,,,,
"2023-10-21T16:17:11.184-04:00","IDLE",,,,,,,,,,,,
"2023-10-21T16:17:19.164-04:00","TRACKPOINT",40.750754,-74.291814,49.792664,4,,5.15,,,,,,
"2023-10-21T16:17:27.164-04:00","TRACKPOINT",40.750663,-74.291777,49.984192,4,,4.79,,,,,,
"2023-10-21T16:17:35.166-04:00","TRACKPOINT",40.750573,-74.291746,51.342041,4,,3.64,,,,,,
"2023-10-21T16:17:44.167-04:00","TRACKPOINT",40.7505,-74.291672,52.134827,4,,4.28,,,,,,
"2023-10-21T16:17:51.163-04:00","TRACKPOINT",40.750422,-74.291611,52.016418,4,,3.53,,,,,,
"2023-10-21T16:18:01.152-04:00","TRACKPOINT",40.750392,-74.291578,51.844971,4,,0,,,,,,
"2023-10-21T16:18:01.17-04:00","IDLE",,,,,,,,,,,,
"2023-10-21T16:18:56.172-04:00","TRACKPOINT",40.750309,-74.291492,56.719421,10,,5.4,,,,,,
"2023-10-21T16:19:03.161-04:00","TRACKPOINT",40.750236,-74.291406,57.958618,10,,4.75,,,,,,
"2023-10-21T16:19:10.161-04:00","TRACKPOINT",40.750192,-74.291301,59.139771,10,,4.25,,,,,,
"2023-10-21T16:19:18.16-04:00","TRACKPOINT",40.750132,-74.291205,57.922668,10,,1.66,,,,,,
"2023-10-21T16:19:26.165-04:00","TRACKPOINT",40.750069,-74.291104,59.546387,10,,3.67,,,,,,
"2023-10-21T16:19:36.17-04:00","TRACKPOINT",40.749987,-74.291064,61.770142,10,,2.27,,,,,,
"2023-10-21T16:19:36.187-04:00","IDLE",,,,,,,,,,,,
"2023-10-21T16:19:52.165-04:00","TRACKPOINT",40.749902,-74.291015,61.795898,10,,4.57,,,,,,
"2023-10-21T16:20:00.167-04:00","TRACKPOINT",40.749826,-74.290934,59.106812,10,,5.36,,,,,,
"2023-10-21T16:20:08.165-04:00","TRACKPOINT",40.749735,-74.29091,61.009827,10,,3.1,,,,,,
"2023-10-21T16:20:16.167-04:00","TRACKPOINT",40.749641,-74.290894,64.479248,10,,4.43,,,,,,
"2023-10-21T16:20:26.167-04:00","TRACKPOINT",40.74955,-74.290863,65.239319,10,,4,,,,,,
"2023-10-21T16:20:36.165-04:00","TRACKPOINT",40.749467,-74.290804,65.632629,10,,4.32,,,,,,
"2023-10-21T16:20:46.166-04:00","TRACKPOINT",40.749412,-74.290831,67.817078,10,,0,,,,,,
"2023-10-21T16:20:46.187-04:00","IDLE",,,,,,,,,,,,
"2023-10-21T16:21:06.168-04:00","TRACKPOINT",40.749326,-74.290871,66.171143,10,,3.42,,,,,,
"2023-10-21T16:21:16.168-04:00","TRACKPOINT",40.749243,-74.290807,67.199341,10,,5.44,,,,,,
"2023-10-21T16:21:25.167-04:00","TRACKPOINT",40.74916,-74.290753,68.590332,10,,4.86,,,,,,
"2023-10-21T16:21:35.173-04:00","TRACKPOINT",40.749092,-74.290702,72.282898,10,,3.64,,,,,,
"2023-10-21T16:21:35.193-04:00","IDLE",,,,,,,,,,,,
"2023-10-21T16:21:45.167-04:00","TRACKPOINT",40.749038,-74.290603,74.957336,10,,3.46,,,,,,
"2023-10-21T16:21:54.169-04:00","TRACKPOINT",40.748983,-74.290497,73.986816,10,,4.03,,,,,,
"2023-10-21T16:22:02.167-04:00","TRACKPOINT",40.748943,-74.290392,75.52478,10,,4.1,,,,,,
"2023-10-21T16:22:11.173-04:00","TRACKPOINT",40.748928,-74.290263,74.766907,10,,3.53,,,,,,
"2023-10-21T16:22:21.169-04:00","TRACKPOINT",40.748891,-74.290153,75.468811,10,,3.92,,,,,,
"2023-10-21T16:22:29.164-04:00","TRACKPOINT",40.748847,-74.290049,74.808167,10,,2.63,,,,,,
"2023-10-21T16:22:39.165-04:00","TRACKPOINT",40.748778,-74.289989,76.846924,10,,4.21,,,,,,
"2023-10-21T16:22:39.182-04:00","IDLE",,,,,,,,,,,,
"2023-10-21T16:22:50.165-04:00","TRACKPOINT",40.748696,-74.289926,76.250122,10,,4.25,,,,,,
"2023-10-21T16:23:00.167-04:00","TRACKPOINT",40.748603,-74.289899,74.5495,10,,5.69,,,,,,
"2023-10-21T16:23:10.166-04:00","TRACKPOINT",40.74851,-74.289905,77.3349,4,,4.39,,,,,,
"2023-10-21T16:23:20.164-04:00","TRACKPOINT",40.748444,-74.289933,80.018311,4,,3.64,,,,,,
"2023-10-21T16:23:20.188-04:00","IDLE",,,,,,,,,,,,
"2023-10-21T16:23:31.165-04:00","TRACKPOINT",40.748351,-74.289965,81.463745,4,,5.04,,,,,,
"2023-10-21T16:23:41.163-04:00","TRACKPOINT",40.748297,-74.290018,84.526367,4,,1.51,,,,,,
"2023-10-21T16:23:41.185-04:00","IDLE",,,,,,,,,,,,
"2023-10-21T16:23:57.166-04:00","TRACKPOINT",40.748202,-74.290046,84.989136,4,,4.54,,,,,,
"2023-10-21T16:24:07.167-04:00","TRACKPOINT",40.748127,-74.290043,86.461853,4,,2.52,,,,,,
"2023-10-21T16:24:07.192-04:00","IDLE",,,,,,,,,,,,
"2023-10-21T16:24:18.169-04:00","TRACKPOINT",40.748041,-74.290093,89.294067,4,,4.5,,,,,,
"2023-10-21T16:24:28.165-04:00","TRACKPOINT",40.747964,-74.290147,92.399841,4,,2.66,,,,,,
"2023-10-21T16:24:28.194-04:00","IDLE",,,,,,,,,,,,
"2023-10-21T16:24:40.167-04:00","TRACKPOINT",40.747873,-74.290193,95.582764,4,,3.24,,,,,,
"2023-10-21T16:24:50.166-04:00","TRACKPOINT",40.747795,-74.290217,96.01532,4,,3.82,,,,,,
"2023-10-21T16:24:50.189-04:00","IDLE",,,,,,,,,,,,
"2023-10-21T16:25:01.168-04:00","TRACKPOINT",40.747718,-74.290285,97.434631,4,,2.41,,,,,,
"2023-10-21T16:25:10.158-04:00","TRACKPOINT",40.747647,-74.290363,99.672058,4,,4.54,,,,,,
"2023-10-21T16:25:19.167-04:00","TRACKPOINT",40.747559,-74.290388,100.10022,4,,3.96,,,,,,
"2023-10-21T16:25:28.165-04:00","TRACKPOINT",40.747468,-74.290411,102.276489,4,,4.97,,,,,,
"2023-10-21T16:25:38.165-04:00","TRACKPOINT",40.747401,-74.290315,103.510254,4,,2.27,,,,,,
"2023-10-21T16:25:46.166-04:00","TRACKPOINT",40.74735,-74.29021,104.179138,4,,4.1,,,,,,
"2023-10-21T16:25:56.165-04:00","TRACKPOINT",40.747296,-74.29011,100.384583,4,,4.18,,,,,,
"2023-10-21T16:26:06.17-04:00","TRACKPOINT",40.747234,-74.290013,100.029602,4,,3.96,,,,,,
"2023-10-21T16:26:16.166-04:00","TRACKPOINT",40.74715,-74.29002,104.05365,4,,3.85,,,,,,
"2023-10-21T16:26:16.191-04:00","IDLE",,,,,,,,,,,,
"2023-10-21T16:26:25.169-04:00","TRACKPOINT",40.747057,-74.290011,106.74353,4,,4.14,,,,,,
"2023-10-21T16:26:35.169-04:00","TRACKPOINT",40.746964,-74.290065,108.305115,4,,5.08,,,,,,
"2023-10-21T16:26:45.163-04:00","TRACKPOINT",40.746939,-74.290083,107.756409,4,,1.91,,,,,,
"2023-10-21T16:26:45.191-04:00","IDLE",,,,,,,,,,,,
"2023-10-21T16:26:53.163-04:00","TRACKPOINT",40.746863,-74.290004,112.364441,4,,5.9,,,,,,
"2023-10-21T16:27:00.167-04:00","TRACKPOINT",40.74679,-74.289926,110.540039,4,,4.97,,,,,,
"2023-10-21T16:27:08.166-04:00","TRACKPOINT",40.746711,-74.289864,110.986084,4,,6.12,,,,,,
"2023-10-21T16:27:15.166-04:00","TRACKPOINT",40.746634,-74.289783,114.52002,4,,4.18,,,,,,
"2023-10-21T16:27:23.164-04:00","TRACKPOINT",40.746568,-74.289685,113.350586,4,,4.54,,,,,,
"2023-10-21T16:27:32.165-04:00","TRACKPOINT",40.74649,-74.289608,117.755249,4,,4.61,,,,,,
"2023-10-21T16:27:40.165-04:00","TRACKPOINT",40.746413,-74.289534,116.205688,4,,4.68,,,,,,
"2023-10-21T16:27:49.164-04:00","TRACKPOINT",40.746328,-74.289494,116.778015,4,,4.18,,,,,,
"2023-10-21T16:27:57.167-04:00","TRACKPOINT",40.746254,-74.289408,118.362061,10,,4.64,,,,,,
"2023-10-21T16:28:04.168-04:00","TRACKPOINT",40.746186,-74.289325,119.187378,10,,4.61,,,,,,
"2023-10-21T16:28:12.16-04:00","TRACKPOINT",40.746108,-74.28925,119.697144,10,,4.14,,,,,,
"2023-10-21T16:28:21.168-04:00","TRACKPOINT",40.74603,-74.289178,123.035583,10,,5.72,,,,,,
"2023-10-21T16:28:31.17-04:00","TRACKPOINT",40.745965,-74.289101,121.992981,4,,0.61,,,,,,
"2023-10-21T16:28:31.192-04:00","IDLE",,,,,,,,,,,,
"2023-10-21T16:28:44.161-04:00","TRACKPOINT",40.745879,-74.289137,118.078186,4,,0,,,,,,
"2023-10-21T16:28:54.166-04:00","TRACKPOINT",40.74588,-74.289149,119.944214,4,,0,,,,,,
"2023-10-21T16:28:54.178-04:00","IDLE",,,,,,,,,,,,
"2023-10-21T16:29:19.166-04:00","TRACKPOINT",40.745798,-74.289219,120.100281,4,,5.98,,,,,,
"2023-10-21T16:29:29.163-04:00","TRACKPOINT",40.745725,-74.289285,120.465332,4,,2.45,,,,,,
"2023-10-21T16:29:29.186-04:00","IDLE",,,,,,,,,,,,
"2023-10-21T16:29:37.164-04:00","TRACKPOINT",40.74565,-74.289353,120.001709,4,,4.32,,,,,,
"2023-10-21T16:29:45.165-04:00","TRACKPOINT",40.74558,-74.289447,122.238159,4,,5,,,,,,
"2023-10-21T16:29:54.164-04:00","TRACKPOINT",40.745579,-74.289568,122.003113,4,,3.85,,,,,,
"2023-10-21T16:30:02.161-04:00","TRACKPOINT",40.74564,-74.289657,123.561768,4,,5.04,,,,,,
"2023-10-21T16:30:10.162-04:00","TRACKPOINT",40.745704,-74.289756,124.724182,4,,4,,,,,,
"2023-10-21T16:30:17.162-04:00","TRACKPOINT",40.745769,-74.289839,127.117798,4,,5,,,,,,
"2023-10-21T16:30:25.161-04:00","TRACKPOINT",40.745813,-74.289951,125.03125,4,,4.57,,,,,,
"2023-10-21T16:30:33.162-04:00","TRACKPOINT",40.745834,-74.29008,125.545654,4,,6.95,,,,,,
"2023-10-21T16:30:40.164-04:00","TRACKPOINT",40.745833,-74.290206,123.878052,4,,4.97,,,,,,
"2023-10-21T16:30:47.165-04:00","TRACKPOINT",40.745834,-74.290334,123.977844,4,,6.08,,,,,,
"2023-10-21T16:30:54.164-04:00","TRACKPOINT",40.745864,-74.290448,123.072083,4,,5.22,,,,,,
"2023-10-21T16:31:01.165-04:00","TRACKPOINT",40.745903,-74.290569,122.471375,4,,5.44,,,,,,
"2023-10-21T16:31:08.163-04:00","TRACKPOINT",40.7459,-74.290702,123.894287,4,,6.12,,,,,,
"2023-10-21T16:31:17.161-04:00","TRACKPOINT",40.745828,-74.29078,123.912781,4,,4.9,,,,,,
"2023-10-21T16:31:27.164-04:00","TRACKPOINT",40.745733,-74.290811,123.872864,4,,4,,,,,,
"2023-10-21T16:31:35.167-04:00","TRACKPOINT",40.745634,-74.290824,122.838867,4,,4.61,,,,,,
"2023-10-21T16:31:42.164-04:00","TRACKPOINT",40.745531,-74.290852,123.698486,4,,5.9,,,,,,
"2023-10-21T16:31:49.164-04:00","TRACKPOINT",40.745433,-74.290886,126.298462,4,,6.26,,,,,,
"2023-10-21T16:31:56.164-04:00","TRACKPOINT",40.745334,-74.290914,126.096985,4,,6.3,,,,,,
"2023-10-21T16:32:04.164-04:00","TRACKPOINT",40.745237,-74.290946,128.48761,4,,5.76,,,,,,
"2023-10-21T16:32:11.164-04:00","TRACKPOINT",40.745146,-74.290961,127.225098,4,,6.05,,,,,,
"2023-10-21T16:32:18.163-04:00","TRACKPOINT",40.745052,-74.290979,127.522583,4,,6.23,,,,,,
"2023-10-21T16:32:27.169-04:00","TRACKPOINT",40.74496,-74.290988,128.566345,4,,4.57,,,,,,
"2023-10-21T16:32:36.167-04:00","TRACKPOINT",40.744867,-74.291024,130.468994,4,,4.14,,,,,,
"2023-10-21T16:32:43.163-04:00","TRACKPOINT",40.744777,-74.291026,132.472534,4,,3.78,,,,,,
"2023-10-21T16:32:51.162-04:00","TRACKPOINT",40.744675,-74.291013,134.131836,4,,5.44,,,,,,
"2023-10-21T16:33:01.162-04:00","TRACKPOINT",40.744624,-74.29111,129.397827,4,,4.54,,,,,,
"2023-10-21T16:33:01.18-04:00","IDLE",,,,,,,,,,,,
"2023-10-21T16:33:10.163-04:00","TRACKPOINT",40.744548,-74.291179,131.456238,4,,5.4,,,,,,
"2023-10-21T16:33:18.163-04:00","TRACKPOINT",40.744456,-74.291166,130.616882,4,,4.82,,,,,,
"2023-10-21T16:33:25.163-04:00","TRACKPOINT",40.744359,-74.291214,130.161377,4,,6.34,,,,,,
"2023-10-21T16:33:33.164-04:00","TRACKPOINT",40.744262,-74.291253,133.193604,4,,6.41,,,,,,
"2023-10-21T16:33:41.166-04:00","TRACKPOINT",40.744183,-74.291311,132.781433,4,,4,,,,,,
"2023-10-21T16:33:49.164-04:00","TRACKPOINT",40.744111,-74.291395,132.955139,4,,5.08,,,,,,
"2023-10-21T16:33:57.163-04:00","TRACKPOINT",40.744037,-74.291467,133.173401,4,,4.21,,,,,,
"2023-10-21T16:34:05.165-04:00","TRACKPOINT",40.743955,-74.291531,129.985291,4,,4.86,,,,,,
"2023-10-21T16:34:11.164-04:00","TRACKPOINT",40.743885,-74.291615,131.01062,4,,5.76,,,,,,
"2023-10-21T16:34:18.163-04:00","TRACKPOINT",40.743814,-74.291708,131.748535,4,,5.54,,,,,,
"2023-10-21T16:34:27.165-04:00","TRACKPOINT",40.743752,-74.291813,130.250488,4,,5.08,,,,,,
"2023-10-21T16:34:34.162-04:00","TRACKPOINT",40.743697,-74.291918,128.552063,4,,5.15,,,,,,
"2023-10-21T16:34:44.162-04:00","TRACKPOINT",40.74369,-74.291912,129.451172,4,,0.79,,,,,,
"2023-10-21T16:34:44.181-04:00","IDLE",,,,,,,,,,,,
"2023-10-21T16:34:54.164-04:00","TRACKPOINT",40.743608,-74.29199,129.288269,4,,5.8,,,,,,
"2023-10-21T16:35:02.164-04:00","TRACKPOINT",40.743526,-74.292061,130.035156,4,,4.07,,,,,,
"2023-10-21T16:35:10.164-04:00","TRACKPOINT",40.743447,-74.292143,131.117493,4,,5,,,,,,
"2023-10-21T16:35:18.162-04:00","TRACKPOINT",40.743397,-74.292254,129.348022,4,,5.15,,,,,,
"2023-10-21T16:35:26.162-04:00","TRACKPOINT",40.743362,-74.29237,128.13916,4,,4.03,,,,,,
"2023-10-21T16:35:35.162-04:00","TRACKPOINT",40.743358,-74.292494,126.981384,4,,4.75,,,,,,
"2023-10-21T16:35:44.16-04:00","TRACKPOINT",40.743336,-74.292612,126.201416,4,,5.4,,,,,,
"2023-10-21T16:35:52.164-04:00","TRACKPOINT",40.743277,-74.292705,125.618225,4,,5.72,,,,,,
"2023-10-21T16:36:00.163-04:00","TRACKPOINT",40.743201,-74.292791,125.601685,4,,4.79,,,,,,
"2023-10-21T16:36:07.158-04:00","TRACKPOINT",40.743138,-74.292884,124.367615,4,,5.15,,,,,,
"2023-10-21T16:36:14.162-04:00","TRACKPOINT",40.743064,-74.292968,124.929077,4,,5.76,,,,,,
"2023-10-21T16:36:21.164-04:00","TRACKPOINT",40.742987,-74.293039,124.780029,4,,5.22,,,,,,
"2023-10-21T16:36:28.167-04:00","TRACKPOINT",40.742913,-74.293125,125.322021,4,,5.22,,,,,,
"2023-10-21T16:36:35.16-04:00","TRACKPOINT",40.742846,-74.29321,122.934998,4,,5.15,,,,,,
"2023-10-21T16:36:42.164-04:00","TRACKPOINT",40.742759,-74.29326,122.793274,4,,5.4,,,,,,
"2023-10-21T16:36:49.159-04:00","TRACKPOINT",40.742718,-74.293375,122.758301,4,,4.72,,,,,,
"2023-10-21T16:36:58.166-04:00","TRACKPOINT",40.742724,-74.293508,122.810364,4,,5.51,,,,,,
"2023-10-21T16:37:05.17-04:00","TRACKPOINT",40.742677,-74.29361,122.168091,4,,5.22,,,,,,
"2023-10-21T16:37:13.165-04:00","TRACKPOINT",40.742606,-74.293695,120.158081,4,,2.63,,,,,,
"2023-10-21T16:37:23.166-04:00","TRACKPOINT",40.742571,-74.293812,120.187012,4,,4.82,,,,,,
"2023-10-21T16:37:31.165-04:00","TRACKPOINT",40.742493,-74.293896,118.453613,4,,5.47,,,,,,
"2023-10-21T16:37:38.162-04:00","TRACKPOINT",40.742405,-74.293957,119.808655,4,,5.9,,,,,,
"2023-10-21T16:37:46.164-04:00","TRACKPOINT",40.742316,-74.294018,121.866577,4,,4.21,,,,,,
"2023-10-21T16:37:54.173-04:00","TRACKPOINT",40.742232,-74.294075,124.03479,4,,4.57,,,,,,
"2023-10-21T16:38:03.166-04:00","TRACKPOINT",40.742143,-74.294136,122.720764,4,,5.33,,,,,,
"2023-10-21T16:38:12.163-04:00","TRACKPOINT",40.742065,-74.294203,121.407166,4,,4.79,,,,,,
"2023-10-21T16:38:22.168-04:00","TRACKPOINT",40.741979,-74.294256,121.308411,4,,3.35,,,,,,
"2023-10-21T16:38:31.167-04:00","TRACKPOINT",40.741891,-74.294317,121.630371,4,,5.36,,,,,,
"2023-10-21T16:38:41.165-04:00","TRACKPOINT",40.74183,-74.294388,122.273071,4,,4.54,,,,,,
"2023-10-21T16:38:41.185-04:00","IDLE",,,,,,,,,,,,
"2023-10-21T16:38:48.162-04:00","TRACKPOINT",40.741758,-74.294459,122.31366,4,,4.39,,,,,,
"2023-10-21T16:38:56.165-04:00","TRACKPOINT",40.74166,-74.294435,122.595398,4,,5.65,,,,,,
"2023-10-21T16:39:06.17-04:00","TRACKPOINT",40.741562,-74.294458,124.695923,4,,6.73,,,,,,
"2023-10-21T16:39:15.165-04:00","TRACKPOINT",40.74147,-74.294468,121.40094,4,,5.69,,,,,,
"2023-10-21T16:39:22.165-04:00","TRACKPOINT",40.741409,-74.294379,120.732178,4,,4.79,,,,,,
"2023-10-21T16:39:30.163-04:00","TRACKPOINT",40.741375,-74.294259,120.50061,4,,2.48,,,,,,
"2023-10-21T16:39:40.165-04:00","TRACKPOINT",40.741349,-74.29417,120.480103,4,,4.75,,,,,,
"2023-10-21T16:39:40.18-04:00","IDLE",,,,,,,,,,,,
"2023-10-21T16:39:48.166-04:00","TRACKPOINT",40.741316,-74.294058,118.578552,4,,4.86,,,,,,
"2023-10-21T16:39:57.164-04:00","TRACKPOINT",40.741273,-74.293944,118.306702,4,,4.21,,,,,,
"2023-10-21T16:40:07.164-04:00","TRACKPOINT",40.741192,-74.293878,115.987244,4,,4.25,,,,,,
"2023-10-21T16:40:17.165-04:00","TRACKPOINT",40.741103,-74.293833,115.615295,4,,4.43,,,,,,
"2023-10-21T16:40:27.166-04:00","TRACKPOINT",40.74102,-74.293892,114.54895,4,,4,,,,,,
"2023-10-21T16:40:35.164-04:00","TRACKPOINT",40.740958,-74.293995,117.472534,4,,4.97,,,,,,
"2023-10-21T16:40:44.165-04:00","TRACKPOINT",40.740867,-74.294021,116.88269,4,,4.9,,,,,,
"2023-10-21T16:40:51.165-04:00","TRACKPOINT",40.7408,-74.293937,114.362854,4,,4.32,,,,,,
"2023-10-21T16:40:57.16-04:00","TRACKPOINT",40.740732,-74.293858,113.251831,4,,4.72,,,,,,
"2023-10-21T16:41:06.166-04:00","TRACKPOINT",40.74068,-74.293748,114.105408,4,,3.78,,,,,,
"2023-10-21T16:41:16.166-04:00","TRACKPOINT",40.740647,-74.293642,115.746582,4,,2.66,,,,,,
"2023-10-21T16:41:16.183-04:00","IDLE",,,,,,,,,,,,
"2023-10-21T16:41:26.165-04:00","TRACKPOINT",40.740653,-74.293522,118.02063,4,,2.38,,,,,,
"2023-10-21T16:41:35.164-04:00","TRACKPOINT",40.740687,-74.293402,117.315918,4,,4.03,,,,,,
"2023-10-21T16:41:45.167-04:00","TRACKPOINT",40.740685,-74.29328,118.967041,4,,2.59,,,,,,
"2023-10-21T16:41:54.165-04:00","TRACKPOINT",40.740685,-74.293155,121.844421,4,,4.64,,,,,,
"2023-10-21T16:42:04.164-04:00","TRACKPOINT",40.740672,-74.293035,125.114868,4,,2.41,,,,,,
"2023-10-21T16:42:14.166-04:00","TRACKPOINT",40.740647,-74.292916,127.603271,4,,3.74,,,,,,
"2023-10-21T16:42:22.165-04:00","TRACKPOINT",40.740621,-74.292801,126.532715,4,,1.62,,,,,,
"2023-10-21T16:42:32.164-04:00","TRACKPOINT",40.740595,-74.292683,126.085754,4,,1.98,,,,,,
"2023-10-21T16:42:42.159-04:00","TRACKPOINT",40.740568,-74.292567,127.349243,4,,3.74,,,,,,
"2023-10-21T16:42:52.158-04:00","TRACKPOINT",40.740531,-74.29245,128.794312,4,,5.18,,,,,,
"2023-10-21T16:43:01.162-04:00","TRACKPOINT",40.740518,-74.292323,127.341309,4,,4.54,,,,,,
"2023-10-21T16:43:10.163-04:00","TRACKPOINT",40.740503,-74.292196,126.8573,4,,3.56,,,,,,
"2023-10-21T16:43:19.163-04:00","TRACKPOINT",40.74047,-74.292085,129.859619,4,,2.05,,,,,,
"2023-10-21T16:43:28.165-04:00","TRACKPOINT",40.740446,-74.291966,129.897949,4,,1.01,,,,,,
"2023-10-21T16:43:36.165-04:00","TRACKPOINT",40.740405,-74.291852,131.641479,4,,5.15,,,,,,
"2023-10-21T16:43:46.173-04:00","TRACKPOINT",40.740408,-74.291774,131.815125,4,,4.97,,,,,,
"2023-10-21T16:43:46.185-04:00","IDLE",,,,,,,,,,,,
"2023-10-21T16:43:54.168-04:00","TRACKPOINT",40.740392,-74.291644,131.166321,4,,5.44,,,,,,
"2023-10-21T16:44:01.165-04:00","TRACKPOINT",40.740343,-74.291533,132.85083,4,,5.65,,,,,,
"2023-10-21T16:44:08.172-04:00","TRACKPOINT",40.740302,-74.291426,132.639954,4,,4.82,,,,,,
"2023-10-21T16:44:15.178-04:00","TRACKPOINT",40.740276,-74.291311,131.689941,4,,4.97,,,,,,
"2023-10-21T16:44:24.167-04:00","TRACKPOINT",40.740246,-74.291194,135.869446,4,,5.58,,,,,,
"2023-10-21T16:44:31.169-04:00","TRACKPOINT",40.740229,-74.291068,133.700745,4,,4.28,,,,,,
"2023-10-21T16:44:37.165-04:00","TRACKPOINT",40.740198,-74.290948,132.75769,4,,5.98,,,,,,
"2023-10-21T16:44:44.169-04:00","TRACKPOINT",40.740173,-74.290833,130.745239,4,,5.83,,,,,,
"2023-10-21T16:44:51.172-04:00","TRACKPOINT",40.740148,-74.290711,133.416321,4,,6.3,,,,,,
"2023-10-21T16:44:59.169-04:00","TRACKPOINT",40.740102,-74.290591,133.222778,4,,5.72,,,,,,
"2023-10-21T16:45:09.172-04:00","TRACKPOINT",40.740065,-74.290468,131.967957,4,,4.86,,,,,,
"2023-10-21T16:45:16.174-04:00","TRACKPOINT",40.740044,-74.290344,131.760376,4,,4.61,,,,,,
"2023-10-21T16:45:24.169-04:00","TRACKPOINT",40.740034,-74.290224,130.236328,4,,5.26,,,,,,
"2023-10-21T16:45:31.165-04:00","TRACKPOINT",40.739979,-74.290125,131.02594,4,,5.54,,,,,,
"2023-10-21T16:45:39.17-04:00","TRACKPOINT",40.739902,-74.290034,131.169189,4,,7.24,,,,,,
"2023-10-21T16:45:46.168-04:00","TRACKPOINT",40.739843,-74.289931,133.008667,4,,6.19,,,,,,
"2023-10-21T16:45:56.172-04:00","TRACKPOINT",40.739779,-74.289921,130.807922,4,,0,,,,,,
"2023-10-21T16:45:56.187-04:00","IDLE",,,,,,,,,,,,
"2023-10-21T16:46:10.168-04:00","TRACKPOINT",40.739682,-74.289961,129.202698,4,,5.83,,,,,,
"2023-10-21T16:46:19.172-04:00","TRACKPOINT",40.739615,-74.290046,129.075928,4,,4.57,,,,,,
"2023-10-21T16:46:29.168-04:00","TRACKPOINT",40.739588,-74.290031,129.986084,4,,4.54,,,,,,
"2023-10-21T16:46:29.187-04:00","IDLE",,,,,,,,,,,,
"2023-10-21T16:46:57.168-04:00","TRACKPOINT",40.739505,-74.29008,131.977539,4,,5.18,,,,,,
"2023-10-21T16:47:06.169-04:00","TRACKPOINT",40.739427,-74.290152,130.832397,4,,4.9,,,,,,
"2023-10-21T16:47:14.169-04:00","TRACKPOINT",40.73935,-74.290223,131.20636,4,,4.79,,,,,,
"2023-10-21T16:47:24.173-04:00","TRACKPOINT",40.739318,-74.290215,130.982605,4,,0,,,,,,
"2023-10-21T16:47:24.186-04:00","IDLE",,,,,,,,,,,,
"2023-10-21T16:54:03.172-04:00","TRACKPOINT",40.7394,-74.29016,133.029053,4,,3.64,,,,,,
"2023-10-21T16:54:13.169-04:00","TRACKPOINT",40.73947,-74.29007,132.554077,4,,4,,,,,,
"2023-10-21T16:54:21.174-04:00","TRACKPOINT",40.739541,-74.289992,133.668762,4,,0.86,,,,,,
"2023-10-21T16:54:31.167-04:00","TRACKPOINT",40.739568,-74.290027,134.0979,4,,1.44,,,,,,
"2023-10-21T16:54:31.194-04:00","IDLE",,,,,,,,,,,,
"2023-10-21T16:55:04.171-04:00","TRACKPOINT",40.739665,-74.290017,133.357666,4,,4.14,,,,,,
"2023-10-21T16:55:12.17-04:00","TRACKPOINT",40.739684,-74.289887,131.103516,4,,5.11,,,,,,
"2023-10-21T16:55:19.171-04:00","TRACKPOINT",40.739635,-74.28977,131.812927,4,,4.82,,,,,,
"2023-10-21T16:55:28.169-04:00","TRACKPOINT",40.739602,-74.289644,131.247742,4,,3.85,,,,,,
"2023-10-21T16:55:38.172-04:00","TRACKPOINT",40.739635,-74.289525,131.594238,4,,4.72,,,,,,
"2023-10-21T16:55:45.16-04:00","TRACKPOINT",40.739624,-74.289397,130.750244,4,,5.72,,,,,,
"2023-10-21T16:55:52.169-04:00","TRACKPOINT",40.739578,-74.28928,132.406982,4,,4.68,,,,,,
"2023-10-21T16:55:59.171-04:00","TRACKPOINT",40.739543,-74.289157,132.941284,4,,4.61,,,,,,
"2023-10-21T16:56:06.169-04:00","TRACKPOINT",40.739516,-74.289038,133.697754,4,,4.46,,,,,,
"2023-10-21T16:56:13.167-04:00","TRACKPOINT",40.739481,-74.288912,132.664368,4,,5.18,,,,,,
"2023-10-21T16:56:20.171-04:00","TRACKPOINT",40.73946,-74.288792,129.444214,4,,4.32,,,,,,
"2023-10-21T16:56:27.169-04:00","TRACKPOINT",40.739446,-74.288662,131.248718,4,,5.98,,,,,,
"2023-10-21T16:56:34.169-04:00","TRACKPOINT",40.739414,-74.288532,132.666443,4,,5.47,,,,,,
"2023-10-21T16:56:41.166-04:00","TRACKPOINT",40.739423,-74.288404,128.966675,4,,5.15,,,,,,
"2023-10-21T16:56:49.163-04:00","TRACKPOINT",40.739414,-74.288272,128.047363,4,,5.58,,,,,,
"2023-10-21T16:56:56.171-04:00","TRACKPOINT",40.739393,-74.288147,126.866699,4,,6.19,,,,,,
"2023-10-21T16:57:02.172-04:00","TRACKPOINT",40.739368,-74.288027,127.9776,4,,5.69,,,,,,
"2023-10-21T16:57:11.172-04:00","TRACKPOINT",40.739347,-74.287898,126.406616,4,,4.61,,,,,,
"2023-10-21T16:57:18.171-04:00","TRACKPOINT",40.739331,-74.287768,125.49353,4,,5.8,,,,,,
"2023-10-21T16:57:25.171-04:00","TRACKPOINT",40.739325,-74.287644,125.663452,4,,5.94,,,,,,
"2023-10-21T16:57:34.171-04:00","TRACKPOINT",40.739301,-74.287521,126.836792,4,,4.61,,,,,,
"2023-10-21T16:57:42.17-04:00","TRACKPOINT",40.73926,-74.287406,125.257568,4,,4.68,,,,,,
"2023-10-21T16:57:51.17-04:00","TRACKPOINT",40.739225,-74.287296,122.684448,4,,4.79,,,,,,
"2023-10-21T16:58:00.17-04:00","TRACKPOINT",40.739193,-74.287172,120.27124,4,,4.86,,,,,,
"2023-10-21T16:58:08.168-04:00","TRACKPOINT",40.739149,-74.287069,117.321838,4,,5.15,,,,,,
"2023-10-21T16:58:16.164-04:00","TRACKPOINT",40.739108,-74.28695,117.291504,4,,5.62,,,,,,
"2023-10-21T16:58:24.171-04:00","TRACKPOINT",40.739065,-74.286842,116.736206,4,,4.72,,,,,,
"2023-10-21T16:58:32.169-04:00","TRACKPOINT",40.739012,-74.28674,113.557678,4,,5.62,,,,,,
"2023-10-21T16:58:39.176-04:00","TRACKPOINT",40.738985,-74.286622,112.978027,4,,4.14,,,,,,
"2023-10-21T16:58:46.162-04:00","TRACKPOINT",40.738997,-74.286497,111.351013,4,,6.98,,,,,,
"2023-10-21T16:58:53.17-04:00","TRACKPOINT",40.739014,-74.286379,112.974731,4,,5.18,,,,,,
"2023-10-21T16:59:01.173-04:00","TRACKPOINT",40.739026,-74.286259,108.429443,4,,4.25,,,,,,
"2023-10-21T16:59:08.172-04:00","TRACKPOINT",40.739029,-74.286132,109.9646,4,,4.82,,,,,,
"2023-10-21T16:59:16.169-04:00","TRACKPOINT",40.739031,-74.286,107.977051,4,,4.79,,,,,,
"2023-10-21T16:59:24.171-04:00","TRACKPOINT",40.739058,-74.285882,104.208008,4,,4.79,,,,,,
"2023-10-21T16:59:32.164-04:00","TRACKPOINT",40.739084,-74.285767,104.21991,4,,5.69,,,,,,
"2023-10-21T16:59:38.17-04:00","TRACKPOINT",40.739103,-74.285646,105.25116,4,,6.05,,,,,,
"2023-10-21T16:59:48.167-04:00","TRACKPOINT",40.739103,-74.285567,106.050537,4,,0,,,,,,
"2023-10-21T16:59:48.192-04:00","IDLE",,,,,,,,,,,,
"2023-10-21T16:59:56.17-04:00","TRACKPOINT",40.739101,-74.285548,106.241211,4,,0,,,,,,
"2023-10-21T16:59:56.62-04:00","SEGMENT_END_MANUAL",,,,,,,,,,,,
